,WQL,WQL,WQL,WQL,WQL,WQL,WQL,MASE,MASE,MASE,MASE,MASE,MASE,MASE
,C2 zs-CL,C2 zs-uni,T5 1s,C2 1s-CLtrain,C2 1s-CLeval,C2 1s-uni,T5 zs,C2 zs-CL,T5 1s,C2 zs-uni,C2 1s-CLtrain,C2 1s-uni,C2 1s-CLeval,T5 zs
dataset,,,,,,,,,,,,,,
dominick,0.7508989963778336,0.7630982568544512,0.7946265619374828,0.7461494373349365,0.7465158447022926,0.7443251794783136,0.8139216599334334,1.0806923998606892,1.061712441939964,1.0790110768435952,1.0881070203096774,1.0813539623359487,1.0818593596621908,1.0795157979460435
ercot,0.6806547334661193,0.7114871317583169,0.4463813403355979,1.2570783663833018,1.1204738913058838,1.1235416197563899,0.46342768724319455,1.0305699989594364,0.7848275809416948,1.1056880603342147,1.8418348035001693,1.6056328365627077,1.597652784537005,0.7778123234732484
exchange_rate,0.9081076799300694,0.911210256787203,0.858724518901498,0.9334289326330787,1.3886776648484445,1.2092278372503533,1.064650743113711,1.0626006739368574,0.9551803738539602,1.0438144553163606,0.9990073559244904,1.4731369932938978,2.0612440638118663,1.1466551911256802
m4_quarterly,0.5950008837505948,0.6195432484244765,0.6448651537051903,0.6435940844671972,0.5994740655623448,0.595434837264654,0.7143229860971962,0.7047305695698346,0.6881496087117406,0.7284246301390627,0.7995525103861735,0.6915210897972408,0.689839580594627,0.7697985591171882
m4_yearly,0.6767565526572372,0.7030946990305524,0.7162286007917934,0.7125478448459053,0.6692091447243337,0.6631804843951811,0.8697710919865846,0.7904733497394363,0.7479361667452326,0.811277286135057,0.7974748861264679,0.7340029843869919,0.7383038540506391,0.9196088859387491
m5,0.5368557317457505,0.5332054994254418,0.5867474342330308,0.5333515860436426,0.5327319368395707,0.5332832151277317,0.5964727165873428,0.6672642021670558,0.6834659889223464,0.6635035475067811,0.6663540104039456,0.6638971548370015,0.6642198169499579,0.68729187355906
monash_australian_electricity,0.3448127176021911,0.3664745273013292,0.44877720431989204,0.32596924947006783,0.3184482053470674,0.3372564433833358,0.8656402099773906,0.49264914670280757,0.6530494330305772,0.5004156451429739,0.4684539810290499,0.5080452845528038,0.47847355269013453,0.9453910420635149
monash_car_parts,0.6155269960730045,0.6116745382218082,0.6006072373668812,0.6136710428055069,0.5978553381959467,0.5815069281514567,0.6566079318075375,0.6941662679537782,0.7174841054045019,0.69282903603112,0.7054600070204649,0.6888366933132173,0.6922743286805577,0.729780487017927
monash_cif_2016,0.5373346969175316,0.7493875841935649,0.6351597784849394,0.5305573125509775,0.6794564277204778,0.719734874414613,0.7595490236562217,0.6495150164782828,0.710090441652809,0.7267059246682961,0.6441334283687253,0.7440080206947572,0.694329714532953,0.7769520549211301
monash_covid_deaths,0.2627639488487005,0.2976271325801855,0.30252556604967007,0.2145516741912997,0.21491407284359806,0.22989930582819548,0.506064118440978,0.6937910770035791,0.7626858268366,0.7552304818073076,0.6075334085146181,0.674832598162142,0.6253452639644587,0.9102567635359697
monash_fred_md,0.1769161566774967,0.16364959296224973,0.18689619267682395,0.33687098688067507,0.31263427111116265,0.3549885234386968,0.12206446931518827,0.38684932333165406,0.430300925403765,0.4404336662198539,0.7309496059198344,0.5435052816402279,0.5181525947132887,0.41177249234938695
monash_hospital,0.702097660363169,0.7418984813070226,0.8514678494291923,0.7208655211831286,0.6990134409364409,0.7135062895488908,0.8030833250986206,0.8039860866930127,0.8899084048690754,0.8390122641202119,0.8406414497017096,0.837682603155174,0.8262602158758627,0.8764162091682418
monash_m1_monthly,0.6183763079939827,0.7657496583262129,0.8315973198591268,0.8640285115203594,0.760304043052036,0.8857785956780384,0.7594022949403165,0.7493135699657033,0.8274680088061719,0.7814119636861387,0.7682220219097521,0.8124391692911456,0.7966688383587615,0.8910165190422538
monash_m1_quarterly,0.5762657555988346,0.5573637245914307,0.4977067645020587,0.5989824806731773,0.5647862278930802,0.6310877003114498,0.7609950623669961,0.791444344966184,0.794958981778882,0.8003361292322316,0.9120659642724537,0.8251100976638471,0.8310645134401765,0.8782603701985031
monash_m1_yearly,0.6147479550539698,0.6586364293912697,0.5519468415413205,0.5009265304634423,0.5714284939341051,0.5843440042151362,0.8629951425146073,0.7257163502659215,0.6436207358206837,0.7824997955304727,0.7201842773495661,0.7269762459205649,0.7250506386029674,1.0005754830470182
monash_m3_monthly,0.5730387115078954,0.5767795085432479,0.6347573046064271,0.5954312299227503,0.5838841154410529,0.5957424864642958,0.6775218606489551,0.7101004985501254,0.7215362365713157,0.6994519448821488,0.7349115028071294,0.7336456302750818,0.714965523266345,0.7652801368747347
monash_m3_quarterly,0.6645076415901202,0.6962657879199166,0.7023744587023895,0.6766588495377569,0.6723652914112316,0.7038568941727916,0.811958860052597,0.7835835237155747,0.7891420799280415,0.8162668365578403,0.7973791139818203,0.8231522388288253,0.7931534272187833,0.9061090446040356
monash_m3_yearly,0.8584646065951969,0.8820667401287676,0.9198447882555049,0.9528704771365679,0.9130560252807074,0.8904544810397146,0.9788514060312385,0.9263722176276682,0.9177227818063559,0.944832410066191,1.0804017681357416,0.9885123213914497,0.9924460133877446,1.077454436431164
monash_nn5_weekly,0.6529843914224417,0.6653075735960339,0.7367099330371747,0.6507073237105386,0.6557488673223408,0.6553631712639671,0.7718093325192468,0.8239334904902507,0.8453673881404993,0.8307349241918638,0.8062381210431346,0.8156269412327424,0.8185989137357685,0.9056110897300915
monash_tourism_monthly,0.6903905332477769,0.6966420672723669,0.8434268568269702,0.9472814555152412,0.9384968338646943,0.9785495726877398,1.0699795791923394,0.8446298420842759,0.9143308417591278,0.8725321540633674,0.9354532330746922,1.0256637016184305,1.042905000331678,1.188198300767606
monash_tourism_quarterly,0.5101292865589425,0.542483830489799,0.5592465989756775,0.6090144025165612,0.6399088966244804,0.6584745478961774,0.5547858806213211,0.9132151246910245,0.924318003463061,0.9218570799695315,0.913054242768882,1.068897434292272,1.074603727012259,1.0408220263373449
monash_tourism_yearly,0.71562221285038,0.7231068094224165,0.633248898995364,0.6746161295475789,0.6630179422119885,0.6861736903191559,1.0106602825789164,1.028527266434458,0.9090205857955582,1.0325498864515483,1.0405292260561272,1.0266167665598604,1.0354207949681438,1.1191194180810742
monash_traffic,0.6709326547687229,0.6679367703436844,0.6765909958794069,0.6742264211076523,0.7063870984551399,0.6882113103023091,0.7308976704122282,0.7723516879189617,0.6951425337726181,0.7605131000667699,0.7714936458074022,0.7750788540219136,0.8008344781870469,0.7678931080756931
monash_weather,0.5813268990588186,0.5780470447887239,0.6746996348254293,0.6013266472696484,0.6075536320055429,0.6101090702727557,0.7089500043210913,0.7530266040440473,0.8045155446574853,0.7506291982695712,0.7736653525941306,0.788644937432076,0.7846351517535768,0.8303883997192327
nn5,0.3412349887812422,0.3503771991242452,0.376623850819965,0.34427634926660544,0.33512431966099215,0.33657143505028286,0.4077074384969438,0.43038399604774097,0.43717468420363564,0.4465536499179601,0.43351393116798,0.4249428194535319,0.42330238210074894,0.47586738610697904
