dataset,family,severity,model,MASE,WQL,MASE_degr,WQL_degr,n,K
monash_australian_electricity,spikes_intensity,20.0,C2-uni,0.9917274912510065,0.04591925535240255,1.581247537050441,1.4971001125980417,5,5
monash_australian_electricity,spikes_intensity,20.0,T5,1.0440586680811526,0.06894157434040905,0.8811539844953634,0.9876348664400622,5,5
monash_australian_electricity,spikes_intensity,20.0,C2-CL,0.952746897052473,0.04561419359772361,1.5430435980054356,1.5805801582546362,5,5
monash_australian_electricity,spikes_density,0.2,C2-uni,1.8136780257329213,0.16945204025491403,2.8917963215631266,5.524625053231105,5,5
monash_australian_electricity,spikes_density,0.2,T5,2.2463622154668967,0.19750417528064912,1.895861868008201,2.829381423921529,5,5
monash_australian_electricity,spikes_density,0.2,C2-CL,1.611960746934947,0.15737543942643348,2.610688860272446,5.45322579080821,5,5
monash_australian_electricity,drift,12.0,C2-uni,37.55218464050581,2.7064868386243757,59.874612731325705,88.23927391143269,5,5
monash_australian_electricity,drift,12.0,T5,37.711153668071695,2.703589875965657,31.827074790356,38.73076081601711,5,5
monash_australian_electricity,drift,12.0,C2-CL,37.480792141941905,2.698737576961079,60.70289658430725,93.51411764722614,5,5
monash_australian_electricity,drift_step,12.0,C2-uni,0.6271804180014168,0.030672134058366392,1.0,1.0,5,5
monash_australian_electricity,drift_step,12.0,T5,1.184876521529985,0.06980471901413274,1.0,1.0,5,5
monash_australian_electricity,drift_step,12.0,C2-CL,0.6174465182215265,0.02885914602907158,1.0,1.0,5,5
monash_australian_electricity,gap,0.4,C2-uni,0.6113300842765245,0.030337863094754693,0.974727632958629,0.9891018028619851,5,5
monash_australian_electricity,gap,0.4,T5,1.184876521529985,0.06980471901413274,1.0,1.0,5,5
monash_australian_electricity,gap,0.4,C2-CL,0.6136383551728689,0.02840540002327643,0.9938324001573019,0.984277219937899,5,5
monash_australian_electricity,gap_boundary,0.4,C2-uni,12.497525893583115,2.865118122008681,19.926524385770737,93.41111109375734,5,5
monash_australian_electricity,gap_boundary,0.4,T5,12.491880482587787,0.9997050642415607,10.54276986302126,14.321453883929529,5,5
monash_australian_electricity,gap_boundary,0.4,C2-CL,12.499547073818771,1.8716151157888135,20.243934826650367,64.85344763505549,5,5
monash_cif_2016,spikes_intensity,20.0,C2-uni,1.0367381302329155,0.35803916965165017,1.2511772724978738,0.8999654837838872,72,10
monash_cif_2016,spikes_intensity,20.0,T5,0.9708436070937868,0.3785782296560659,1.2273512744376551,0.8471056760363753,72,10
monash_cif_2016,spikes_intensity,20.0,C2-CL,1.1077802933044363,0.4555115220720297,1.9454757722738927,2.146949070856631,72,10
monash_cif_2016,spikes_density,0.2,C2-uni,3.6986249509168454,0.5395330275407678,4.463649347054562,1.3561675461948288,72,10
monash_cif_2016,spikes_density,0.2,T5,1.347751009800296,0.35840805284196964,1.7038418004880904,0.801972940111753,72,10
monash_cif_2016,spikes_density,0.2,C2-CL,3.676775854911929,0.4836741130095477,6.45712727428615,2.2796869831078577,72,10
monash_cif_2016,drift,12.0,C2-uni,29.463247808989205,2.455725842888228,35.557432448537604,6.172700317637752,72,10
monash_cif_2016,drift,12.0,T5,29.28947295949461,2.267585558395383,37.02807712980099,5.073943631571062,72,10
monash_cif_2016,drift,12.0,C2-CL,29.461792948822776,2.412114356715497,51.74058857710046,11.368947712658242,72,10
monash_cif_2016,drift_step,12.0,C2-uni,1.0816877767054307,0.32025560858300506,1.305424313706429,0.8049929117904236,72,10
monash_cif_2016,drift_step,12.0,T5,1.2490912836457193,0.25453283450197417,1.5791150785457455,0.5695420178813098,72,10
monash_cif_2016,drift_step,12.0,C2-CL,3.6118878504256453,0.24157703703261874,6.3431714281655225,1.138617949417017,72,10
monash_cif_2016,gap,0.4,C2-uni,0.7823454642593008,0.43420017711388703,0.9441659716934729,1.0914034149826095,72,10
monash_cif_2016,gap,0.4,T5,0.8830389083552098,0.40488776318043324,1.1163475987570712,0.9059758207951173,72,10
monash_cif_2016,gap,0.4,C2-CL,0.7085092037480244,0.303869006719082,1.244278760559288,1.432216859564967,72,10
monash_cif_2016,gap_boundary,0.4,C2-uni,3.0669896430366803,0.6633214039983574,3.701366453543824,1.6673213962438804,72,10
monash_cif_2016,gap_boundary,0.4,T5,3.8066899397739777,0.6069679572068795,4.812459715274457,1.358149944832447,72,10
monash_cif_2016,gap_boundary,0.4,C2-CL,3.007727829123965,0.8074351548651774,5.282149950239769,3.805660387314312,72,10
monash_car_parts,spikes_intensity,20.0,C2-uni,1.920142010896531,1.8953348179056186,1.1398395616951393,1.7461359995957932,100,10
monash_car_parts,spikes_intensity,20.0,T5,1.6704081460660167,1.1898270536402258,0.9822829488898697,1.0934390193876034,100,10
monash_car_parts,spikes_intensity,20.0,C2-CL,1.8541091226036501,1.669402398003472,1.1043210027540749,1.5643424413264277,100,10
monash_car_parts,spikes_density,0.2,C2-uni,2.818170777828214,3.5787182783839677,1.6729296718433488,3.297005235836332,100,10
monash_car_parts,spikes_density,0.2,T5,1.7310273730435062,1.184868356619369,1.0179300649405834,1.088882027015193,100,10
monash_car_parts,spikes_density,0.2,C2-CL,2.4093215367835645,2.9762644835192744,1.4350095919497723,2.7889602014169372,100,10
monash_car_parts,drift,12.0,C2-uni,25.69410249676794,29.97876025883838,15.252598173398397,27.61886291365334,100,10
monash_car_parts,drift,12.0,T5,25.23282758158565,27.84868003021587,14.838155778899095,25.592655075639215,100,10
monash_car_parts,drift,12.0,C2-CL,25.091257272139625,29.585819128787875,14.944537003420466,27.723904422278117,100,10
monash_car_parts,drift_step,12.0,C2-uni,1.9901561199347282,1.786894875102573,1.1814015143557723,1.6462323381774149,100,10
monash_car_parts,drift_step,12.0,T5,1.9132556527352131,1.20957721388626,1.1250893435685405,1.1115892167512462,100,10
monash_car_parts,drift_step,12.0,C2-CL,2.0501213776656866,1.6990038370845293,1.221067340616988,1.592080982695613,100,10
monash_car_parts,gap,0.4,C2-uni,1.6650564663415388,1.0371329746642408,0.988415034941219,0.9554909276822472,100,10
monash_car_parts,gap,0.4,T5,1.6848759769237496,1.041973787952553,0.9907907519632941,0.957563364726562,100,10
monash_car_parts,gap,0.4,C2-CL,1.6691238872397425,1.0570189416932627,0.9941424387627048,0.9904979133576616,100,10
monash_car_parts,gap_boundary,0.4,C2-uni,1.782993452841843,1.3354254205864715,1.0584250874463386,1.2303020973561352,100,10
monash_car_parts,gap_boundary,0.4,T5,1.7718160461699415,1.2171343926255676,1.041915830463997,1.1185341875222201,100,10
monash_car_parts,gap_boundary,0.4,C2-CL,1.766343265749609,1.343754382769376,1.0520470142023535,1.259188326432583,100,10
monash_covid_deaths,spikes_intensity,20.0,C2-uni,66.41296365546826,0.05026769400966094,0.943389928761759,0.9127030937836528,100,10
monash_covid_deaths,spikes_intensity,20.0,T5,87.43057247712329,0.24636679092504654,1.2126941760871128,5.481840478750729,100,10
monash_covid_deaths,spikes_intensity,20.0,C2-CL,63.39588159693853,0.07098079229567715,0.9469183490007418,1.1026271010637743,100,10
monash_covid_deaths,spikes_density,0.2,C2-uni,97.19410329133581,0.36107659306396145,1.380633134454717,6.55601435623845,100,10
monash_covid_deaths,spikes_density,0.2,T5,76.92318252723712,0.06515600353191033,1.0669528154041859,1.4497685189377518,100,10
monash_covid_deaths,spikes_density,0.2,C2-CL,98.42436889594259,0.33016585235532314,1.4701245340972855,5.1288497194609555,100,10
monash_covid_deaths,drift,12.0,C2-uni,779.3906066518294,4.6293815418232755,11.071170572980648,84.05499672841547,100,10
monash_covid_deaths,drift,12.0,T5,773.5419542594811,4.682647921152334,10.7293112273166,104.19232570074914,100,10
monash_covid_deaths,drift,12.0,C2-CL,775.3700810880206,4.671113246075453,11.581385707615048,72.56182821693366,100,10
monash_covid_deaths,drift_step,12.0,C2-uni,78.51493536644394,0.09153525822005587,1.1152973034954288,1.6619921604455163,100,10
monash_covid_deaths,drift_step,12.0,T5,74.81849613225627,0.05263028859705646,1.0377600415109245,1.1710622416129621,100,10
monash_covid_deaths,drift_step,12.0,C2-CL,61.67132243246387,0.10224731451601315,0.9211593142552212,1.5883263112465096,100,10
monash_covid_deaths,gap,0.4,C2-uni,70.93840433350631,0.04496443770173883,1.0076733897591867,0.8164126524827663,100,10
monash_covid_deaths,gap,0.4,T5,71.83843747741903,0.0383512107691052,0.9964255326231471,0.8533423632860596,100,10
monash_covid_deaths,gap,0.4,C2-CL,70.79955671905927,0.0452983565407726,1.0575040155547502,0.7036719926631083,100,10
monash_covid_deaths,gap_boundary,0.4,C2-uni,165.29946467828725,0.7123039111529481,2.3480634144892054,12.933196881849106,100,10
monash_covid_deaths,gap_boundary,0.4,T5,248.56337443351663,0.9102248997525181,3.4476653649151983,20.253166757967076,100,10
monash_covid_deaths,gap_boundary,0.4,C2-CL,155.42596360257525,0.7545605286479996,2.321534035635325,11.721465221387264,100,10
dominick,spikes_intensity,20.0,C2-uni,0.42939175760132553,0.20382587224165005,6.464623239124918,7.479982754334536,100,10
dominick,spikes_intensity,20.0,T5,0.004594424481936329,0.01012314246616944,0.2873597230565839,0.7627179017229506,100,10
dominick,spikes_intensity,20.0,C2-CL,0.3492179545933732,0.17883183259170216,3.2276602884488534,4.492439300980981,100,10
dominick,spikes_density,0.2,C2-uni,1.6472700476629192,1.297408106499075,24.80015054486282,47.61216108248233,100,10
dominick,spikes_density,0.2,T5,0.008612679950438018,0.14870779201690662,0.5386827741022733,11.204237762733618,100,10
dominick,spikes_density,0.2,C2-CL,1.7274223759968925,1.2154182495598747,15.965767312494695,30.532554704165374,100,10
dominick,drift,12.0,C2-uni,36.295938145800676,19.55769990194808,546.446365281743,717.7266378018154,100,10
dominick,drift,12.0,T5,36.262241219522494,19.575926843093757,2268.0332727683376,1474.9283531219785,100,10
dominick,drift,12.0,C2-CL,36.138975990459706,19.45010284353976,334.0158664105148,488.6065593363177,100,10
dominick,drift_step,12.0,C2-uni,0.13364531799450355,0.08142756564717513,2.012070826263201,2.9882211716783895,100,10
dominick,drift_step,12.0,T5,0.004601866428737115,0.013919632475270838,0.2878251819579291,1.0487605908712017,100,10
dominick,drift_step,12.0,C2-CL,0.14942518661220092,0.07618044468404966,1.381067996586371,1.9137310103297134,100,10
dominick,gap,0.4,C2-uni,0.10065728132860241,0.05033199520527003,1.5154259217713708,1.847078842279265,100,10
dominick,gap,0.4,T5,0.0020388857228260107,0.014377888241568403,0.12752274826995944,1.0832874067972822,100,10
dominick,gap,0.4,C2-CL,0.13811105974874965,0.054665055129500234,1.276496746754284,1.3732423276942574,100,10
dominick,gap_boundary,0.4,C2-uni,3.1157379974511756,1.3577650206108869,46.90838123643858,49.82713345912917,100,10
dominick,gap_boundary,0.4,T5,2.0496904997800014,0.8865236568627577,128.19853644003257,66.79422577028879,100,10
dominick,gap_boundary,0.4,C2-CL,3.1520517139271824,1.3010988984407645,29.13295840136901,32.68494060094739,100,10
ercot,spikes_intensity,20.0,C2-uni,1.0610475840550466,0.03444057004803132,1.2604515908299194,1.3224490519418846,8,8
ercot,spikes_intensity,20.0,T5,2.7855010019481647,0.21237396497825065,4.703838789228975,12.926021196542687,8,8
ercot,spikes_intensity,20.0,C2-CL,0.8056633229071247,0.02521799731526202,1.0268334967801775,1.0121838258158322,8,8
ercot,spikes_density,0.2,C2-uni,3.3117982116355265,0.1460447432228265,3.9341886142470286,5.607826233618422,8,8
ercot,spikes_density,0.2,T5,2.838437266250066,0.10017792821545113,4.793231560298167,6.097272910411898,8,8
ercot,spikes_density,0.2,C2-CL,3.3844146953740157,0.13993045094993078,4.313502026709162,5.616438824224848,8,8
ercot,drift,12.0,C2-uni,51.99865908706053,1.787945418228218,61.77083247937334,68.65353041375981,8,8
ercot,drift,12.0,T5,52.098179208565334,1.804535374614335,87.97750783003038,109.83202439416135,8,8
ercot,drift,12.0,C2-CL,51.96437459166066,1.7878710195230818,66.22960106637623,71.76042197097533,8,8
ercot,drift_step,12.0,C2-uni,0.8417995516641943,0.02604302222263971,1.0,1.0,8,8
ercot,drift_step,12.0,T5,0.5921761197102479,0.016429956422712208,1.0,1.0,8,8
ercot,drift_step,12.0,C2-CL,0.7846095062475348,0.024914444068433926,1.0,1.0,8,8
ercot,gap,0.4,C2-uni,0.8748443278697374,0.028161847899182538,1.0392549225527803,1.0813586709879197,8,8
ercot,gap,0.4,T5,0.6276517310144413,0.01896504391089171,1.0599071967332145,1.154296665368819,8,8
ercot,gap,0.4,C2-CL,0.7666907837977964,0.02523787430675688,0.9771622414627166,1.0129816357705823,8,8
ercot,gap_boundary,0.4,C2-uni,28.140456478109286,1.3300150863187679,33.42892785162103,51.06992095420322,8,8
ercot,gap_boundary,0.4,T5,28.133574109917504,0.9998205176315581,47.5087953963481,60.85351000988904,8,8
ercot,gap_boundary,0.4,C2-CL,28.13957137713832,0.9490901950012335,35.864428295953665,38.09397441878748,8,8
exchange_rate,spikes_intensity,20.0,C2-uni,3.0781237812295412,0.012447940315916546,1.6946030909006986,1.0521209914589482,8,8
exchange_rate,spikes_intensity,20.0,T5,2.4578010358700535,0.06294960548496888,1.2317401622395687,4.886595821568218,8,8
exchange_rate,spikes_intensity,20.0,C2-CL,4.3908007638473,0.015594949791119642,2.3745365835207526,1.3226149278848915,8,8
exchange_rate,spikes_density,0.2,C2-uni,12.38744810021108,0.06591092503899923,6.819676312888435,5.5709029799362675,8,8
exchange_rate,spikes_density,0.2,T5,21.733060888708906,0.44055211392745697,10.891639947390788,34.19878651368201,8,8
exchange_rate,spikes_density,0.2,C2-CL,10.262360895434846,0.0688527693370881,5.549864976827333,5.839435315354726,8,8
exchange_rate,drift,12.0,C2-uni,400.0366319823814,1.915267448670454,220.23263559598104,161.88164755478556,8,8
exchange_rate,drift,12.0,T5,400.68280332676346,1.9226236340544405,200.8043344328734,149.2477124239022,8,8
exchange_rate,drift,12.0,C2-CL,398.04223880806575,1.910818026750655,215.26047494992335,162.0573634735968,8,8
exchange_rate,drift_step,12.0,C2-uni,3.116098156927048,0.011398677724924408,1.7155091684354735,0.9634355407323033,8,8
exchange_rate,drift_step,12.0,T5,1.9953892153692887,0.012882097841430835,1.0,1.0,8,8
exchange_rate,drift_step,12.0,C2-CL,2.6278263230046446,0.011581649573321478,1.421123406575584,0.9822450742309771,8,8
exchange_rate,gap,0.4,C2-uni,1.7506313037142178,0.012427472179305822,0.9637771022699515,1.0503909898974324,8,8
exchange_rate,gap,0.4,T5,2.0226963843198544,0.013403613712388702,1.0136851340782214,1.0404837688222326,8,8
exchange_rate,gap,0.4,C2-CL,1.7285613261846215,0.012260912758726863,0.9348026309187545,1.039853700165213,8,8
exchange_rate,gap_boundary,0.4,C2-uni,15.152596815456691,0.19759217413394672,8.341976874103546,16.700825106665857,8,8
exchange_rate,gap_boundary,0.4,T5,1417.5006497958907,0.46416901353823065,710.3880480448283,36.032098129653285,8,8
exchange_rate,gap_boundary,0.4,C2-CL,17.232091693614272,0.1935266053393047,9.31908194832732,16.413081195709037,8,8
monash_fred_md,spikes_intensity,20.0,C2-uni,0.6304448238877186,0.006679712795639328,1.112112775970926,1.3051450257897719,100,10
monash_fred_md,spikes_intensity,20.0,T5,0.6369701459548209,0.007251308413515439,1.1141274082994828,0.9738338982857221,100,10
monash_fred_md,spikes_intensity,20.0,C2-CL,1.5288668688532796,0.026770910560176355,2.9128079935357385,6.853682870471702,100,10
monash_fred_md,spikes_density,0.2,C2-uni,3.238870579270724,0.1284577465983941,5.713409349150015,25.099281080843294,100,10
monash_fred_md,spikes_density,0.2,T5,0.6346088125331385,0.031190172823123388,1.1099971891645084,4.188767854906653,100,10
monash_fred_md,spikes_density,0.2,C2-CL,6.804327794673261,0.22678707465028142,12.963653536313052,58.0602846989894,100,10
monash_fred_md,drift,12.0,C2-uni,152.17931128442063,3.6776949860526025,268.4462619174461,718.5825894418757,100,10
monash_fred_md,drift,12.0,T5,152.5483971374521,3.6880087580394414,266.8231021851447,495.29102072935666,100,10
monash_fred_md,drift,12.0,C2-CL,151.74572656379877,3.6632754995646386,289.1070336630726,937.843652525334,100,10
monash_fred_md,drift_step,12.0,C2-uni,0.686641203584585,0.005312835273414227,1.2112439123625365,1.0380716569825743,100,10
monash_fred_md,drift_step,12.0,T5,0.6997934890537371,0.004490479511433498,1.2240120063014575,0.6030609813314263,100,10
monash_fred_md,drift_step,12.0,C2-CL,0.7540458570699111,0.005741750640747067,1.4366135107716331,1.4699588915569877,100,10
monash_fred_md,gap,0.4,C2-uni,0.9681131398095216,0.005974727785936462,1.7077640271962111,1.1673984329616016,100,10
monash_fred_md,gap,0.4,T5,0.4917569526521818,0.005760056552988204,0.8601343448370762,0.7735622328361719,100,10
monash_fred_md,gap,0.4,C2-CL,1.1136818242912507,0.006612265809096258,2.121794504242298,1.6928214977574596,100,10
monash_fred_md,gap_boundary,0.4,C2-uni,16.53069514549273,0.11451834561775631,29.160358798119336,22.375669990221965,100,10
monash_fred_md,gap_boundary,0.4,T5,27.79415708102492,0.45385543281852037,48.61488782670104,60.95173176967952,100,10
monash_fred_md,gap_boundary,0.4,C2-CL,13.136408869840563,0.08982492575472632,25.027579275836494,22.99628746667871,100,10
monash_hospital,spikes_intensity,20.0,C2-uni,0.6184147304158593,0.10096131511743969,1.0492661143909492,1.1820763960547094,100,10
monash_hospital,spikes_intensity,20.0,T5,0.6551922138527059,0.09028611729187988,0.9244316574293848,0.8271570464284348,100,10
monash_hospital,spikes_intensity,20.0,C2-CL,0.677543207884785,0.12131023059787754,1.1360823039111339,1.4464860678769615,100,10
monash_hospital,spikes_density,0.2,C2-uni,0.892837321271139,0.2178857512534472,1.5148797413726138,2.551052383715019,100,10
monash_hospital,spikes_density,0.2,T5,0.6684951649550512,0.11203041273635266,0.9432012167682079,1.0263675976848567,100,10
monash_hospital,spikes_density,0.2,C2-CL,0.9102844234991404,0.22530948477262175,1.5263351665672347,2.686558496162284,100,10
monash_hospital,drift,12.0,C2-uni,13.002640791211494,2.2010254356584635,22.061619345065104,25.77007056199173,100,10
monash_hospital,drift,12.0,T5,12.06131583965135,2.0459176241116097,17.017696420511488,18.74369205317727,100,10
monash_hospital,drift,12.0,C2-CL,12.661689300954503,2.111502968605893,21.23070674318005,25.177263379323815,100,10
monash_hospital,drift_step,12.0,C2-uni,0.9237465088682448,0.15297566903609047,1.5673234519989552,1.791071434914422,100,10
monash_hospital,drift_step,12.0,T5,0.6381978300078458,0.08745106570287026,0.9004537375265897,0.801183696713369,100,10
monash_hospital,drift_step,12.0,C2-CL,1.7768687073351264,0.2490683794148911,2.9793953673876397,2.969856202537269,100,10
monash_hospital,gap,0.4,C2-uni,0.6708665003209013,0.10305554417868064,1.1382611885609681,1.206596072114249,100,10
monash_hospital,gap,0.4,T5,0.6317094734404116,0.09495721074320912,0.8912991076503342,0.8699513095852157,100,10
monash_hospital,gap,0.4,C2-CL,0.6531418235724648,0.09568740595116741,1.0951668603120361,1.1409631232048154,100,10
monash_hospital,gap_boundary,0.4,C2-uni,0.9881998962180709,0.1657337368521249,1.676681706221666,1.9404455868562531,100,10
monash_hospital,gap_boundary,0.4,T5,1.0026546237739375,0.1591559598564054,1.414677488662817,1.4581087062445517,100,10
monash_hospital,gap_boundary,0.4,C2-CL,0.9554085309451652,0.15723940888791807,1.6019977949466941,1.8749005187495025,100,10
monash_m1_monthly,spikes_intensity,20.0,C2-uni,1.0533037934245626,0.34107742052992795,0.9903940146340607,0.8813469229639849,100,10
monash_m1_monthly,spikes_intensity,20.0,T5,1.2118492814184687,0.22258128620894077,1.1342539275540693,0.9659328303940954,100,10
monash_m1_monthly,spikes_intensity,20.0,C2-CL,0.9852909588757809,0.31717400332581697,0.9994197214661202,1.0925703203625654,100,10
monash_m1_monthly,spikes_density,0.2,C2-uni,1.7972511814161742,0.449545928339622,1.6899082904480736,1.1616304593178095,100,10
monash_m1_monthly,spikes_density,0.2,T5,1.437439696597927,0.3270427679799954,1.3453996684966643,1.4192628316393792,100,10
monash_m1_monthly,spikes_density,0.2,C2-CL,1.7574503874408423,0.4615715527573914,1.7826516734820572,1.5899770283138508,100,10
monash_m1_monthly,drift,12.0,C2-uni,19.996490556780866,4.4301949565905865,18.802177192140412,11.447661023867374,100,10
monash_m1_monthly,drift,12.0,T5,17.66309999638646,2.735128685498786,16.532122311638716,11.869598912263815,100,10
monash_m1_monthly,drift,12.0,C2-CL,19.23047769641338,4.109979762285824,19.506236700821027,14.157660648346,100,10
monash_m1_monthly,drift_step,12.0,C2-uni,1.09477340398499,0.5727695144553205,1.029386805075572,1.4800412420982227,100,10
monash_m1_monthly,drift_step,12.0,T5,1.3011117799836116,0.25451222238614424,1.217800900872644,1.104503058305468,100,10
monash_m1_monthly,drift_step,12.0,C2-CL,1.1906554433373304,0.427761872495159,1.2077290680714932,1.4735127128020995,100,10
monash_m1_monthly,gap,0.4,C2-uni,1.1571318240354194,0.3082559369423055,1.0880207968693223,0.7965359333589848,100,10
monash_m1_monthly,gap,0.4,T5,1.2907509020675147,0.26005253432980474,1.2081034354786921,1.128546270958946,100,10
monash_m1_monthly,gap,0.4,C2-CL,1.0755434555668748,0.34264330652577657,1.0909664105858028,1.180304511894038,100,10
monash_m1_monthly,gap_boundary,0.4,C2-uni,1.6769576506362358,0.24765606943909044,1.5767994289520937,0.6399453661118123,100,10
monash_m1_monthly,gap_boundary,0.4,T5,2.143825591398423,0.27403949156529434,2.006555298847354,1.1892452696087925,100,10
monash_m1_monthly,gap_boundary,0.4,C2-CL,1.5471653030979715,0.24646882012895707,1.569351167140024,0.8490119459477126,100,10
monash_m1_quarterly,spikes_intensity,20.0,C2-uni,1.4582440471952836,0.30376072659745923,1.3202188191063082,1.0925300995053215,100,10
monash_m1_quarterly,spikes_intensity,20.0,T5,1.2315133987898945,0.3053818039846686,0.9271676539982247,1.0055821578590876,100,10
monash_m1_quarterly,spikes_intensity,20.0,C2-CL,1.5747093913458472,0.3215266674819246,1.3345804319484509,1.1280079618874312,100,10
monash_m1_quarterly,spikes_density,0.2,C2-uni,2.2855051045441046,0.4272504096463352,2.069178239394233,1.5366829602800416,100,10
monash_m1_quarterly,spikes_density,0.2,T5,1.4714304296266547,0.3380344540409389,1.107793630827803,1.113103044418034,100,10
monash_m1_quarterly,spikes_density,0.2,C2-CL,1.9297153791051156,0.40527594507841613,1.6354512129902308,1.421824498696074,100,10
monash_m1_quarterly,drift,12.0,C2-uni,20.384360183367377,2.49658828798024,18.454946537435774,8.9794289118404,100,10
monash_m1_quarterly,drift,12.0,T5,19.11060118559093,2.365419509965893,14.387769784032193,7.789015665101332,100,10
monash_m1_quarterly,drift,12.0,C2-CL,20.17993419613141,2.493528807513048,17.102676496484715,8.748015740338284,100,10
monash_m1_quarterly,drift_step,12.0,C2-uni,1.8239589258988438,0.3149068294005955,1.6513181753630752,1.1326190634112596,100,10
monash_m1_quarterly,drift_step,12.0,T5,1.433410683448292,0.31221616746031366,1.0791697612828688,1.028086818849883,100,10
monash_m1_quarterly,drift_step,12.0,C2-CL,1.720547724319875,0.3990902303968947,1.4581797363564688,1.4001232337112264,100,10
monash_m1_quarterly,gap,0.4,C2-uni,1.474272176676474,0.32454090811013275,1.3347298594337758,1.1672697606527143,100,10
monash_m1_quarterly,gap,0.4,T5,1.3544141312357454,0.3151519307483449,1.0196957449539965,1.037753901641398,100,10
monash_m1_quarterly,gap,0.4,C2-CL,1.4966831404531142,0.3906366998662022,1.2684524795833838,1.3704658189177377,100,10
monash_m1_quarterly,gap_boundary,0.4,C2-uni,3.413236521895206,0.4506566479772147,3.0901679996116265,1.6208677071995106,100,10
monash_m1_quarterly,gap_boundary,0.4,T5,4.067484060916389,0.5657066230327871,3.062280652521282,1.862797584145016,100,10
monash_m1_quarterly,gap_boundary,0.4,C2-CL,3.1898957362712013,0.413430534303572,2.7034654476435747,1.4504331414688056,100,10
monash_m1_yearly,spikes_intensity,20.0,C2-uni,5.137699278567779,0.054816239315499636,1.1381092648920237,1.0765244403882341,100,10
monash_m1_yearly,spikes_intensity,20.0,T5,5.64222599077529,0.05643245069440904,1.1253116781355585,0.7751654312527729,100,10
monash_m1_yearly,spikes_intensity,20.0,C2-CL,4.672708925054295,0.0863500474826146,1.1467101468356182,1.7419337872821068,100,10
monash_m1_yearly,spikes_density,0.2,C2-uni,10.731091298975356,0.2804743465196478,2.3771641288375793,5.50817591101958,100,10
monash_m1_yearly,spikes_density,0.2,T5,5.86092165815767,0.06888148614135786,1.168929354716646,0.9461674312043931,100,10
monash_m1_yearly,spikes_density,0.2,C2-CL,11.5406180953248,0.22740983346845767,2.832135295161773,4.587523504936805,100,10
monash_m1_yearly,drift,12.0,C2-uni,52.95350198096021,2.750967247385144,11.730322844004478,54.02565943045777,100,10
monash_m1_yearly,drift,12.0,T5,50.13254663243733,2.663272838082845,9.998667240977587,36.58315406601365,100,10
monash_m1_yearly,drift,12.0,C2-CL,51.99541478749488,2.7025922306682664,12.759979421370513,54.51921402585226,100,10
monash_m1_yearly,drift_step,12.0,C2-uni,8.97543604731287,0.07962334475133787,1.9882492859216614,1.5637058966581927,100,10
monash_m1_yearly,drift_step,12.0,T5,5.917599283635354,0.07591006336402911,1.1802334027897485,1.0427131248055599,100,10
monash_m1_yearly,drift_step,12.0,C2-CL,7.9893491888298795,0.12630764545907425,1.960633099211864,2.547995764119397,100,10
monash_m1_yearly,gap,0.4,C2-uni,4.4676109861342495,0.057830136158264635,0.9896705080547662,1.135713718101564,100,10
monash_m1_yearly,gap,0.4,T5,5.442781631476093,0.07863059892642303,1.0855335715824725,1.080082849077884,100,10
monash_m1_yearly,gap,0.4,C2-CL,4.160032881046858,0.06103762312514796,1.020896441952205,1.2313079276359828,100,10
monash_m1_yearly,gap_boundary,0.4,C2-uni,11.612291969490848,0.4316787876960026,2.572368751172408,8.477647703579514,100,10
monash_m1_yearly,gap_boundary,0.4,T5,13.202072618902212,0.678393697006256,2.6330824957975416,9.318527482470593,100,10
monash_m1_yearly,gap_boundary,0.4,C2-CL,12.436340112605446,0.5182289362196819,3.0519507260893155,10.454197998328587,100,10
monash_m3_monthly,spikes_intensity,20.0,C2-uni,1.2192208448191886,0.11771840324007393,1.5740704323347023,1.3524454763296685,100,10
monash_m3_monthly,spikes_intensity,20.0,T5,0.9301055634464935,0.0939812237788789,1.1388578960911286,1.032509613622827,100,10
monash_m3_monthly,spikes_intensity,20.0,C2-CL,1.0262402044744088,0.10925678658427573,1.2215797819268426,1.1974068048447282,100,10
monash_m3_monthly,spikes_density,0.2,C2-uni,2.02053074873857,0.2631017941608371,2.608598534651977,3.022729000166315,100,10
monash_m3_monthly,spikes_density,0.2,T5,1.37762884873018,0.13889108224609237,1.6868230380707236,1.5259045573079448,100,10
monash_m3_monthly,spikes_density,0.2,C2-CL,2.7706462007619006,0.2786734745965186,3.2980245433441873,3.0541399325725727,100,10
monash_m3_monthly,drift,12.0,C2-uni,23.739018249795603,2.5157773013778826,30.648169179882,28.903311097097088,100,10
monash_m3_monthly,drift,12.0,T5,23.200472430763774,2.301436152309058,28.407572494151466,25.284358479829294,100,10
monash_m3_monthly,drift,12.0,C2-CL,23.6289079865141,2.4703873222105823,28.126549846211095,27.074369315588328,100,10
monash_m3_monthly,drift_step,12.0,C2-uni,4.876960460871476,0.2591963014467089,6.296381245238364,2.9778594996576375,100,10
monash_m3_monthly,drift_step,12.0,T5,4.533389405042415,0.2495645054122665,5.5508605935625335,2.741800337304195,100,10
monash_m3_monthly,drift_step,12.0,C2-CL,5.417466666907054,0.27941273088667873,6.448653756403564,3.062241859601876,100,10
monash_m3_monthly,gap,0.4,C2-uni,0.8906879491838585,0.08780066884540011,1.1499192875553765,1.008726028644067,100,10
monash_m3_monthly,gap,0.4,T5,1.0099862122113021,0.10025296769192531,1.2366669095686806,1.101413120344945,100,10
monash_m3_monthly,gap,0.4,C2-CL,0.8393280235017941,0.08785915333282451,0.9990898226790115,0.962898062057422,100,10
monash_m3_monthly,gap_boundary,0.4,C2-uni,1.4059581254979379,0.14023453400171593,1.81515688798384,1.6111292365139347,100,10
monash_m3_monthly,gap_boundary,0.4,T5,2.4349352482563873,0.2201775457816769,2.9814306493038463,2.418945227382241,100,10
monash_m3_monthly,gap_boundary,0.4,C2-CL,1.7041501873521516,0.16649225535434836,2.0285264650125505,1.8246826192482457,100,10
monash_m3_quarterly,spikes_intensity,20.0,C2-uni,1.7489068911840462,0.18063120942121402,1.7184472791897174,2.1894271438998016,100,10
monash_m3_quarterly,spikes_intensity,20.0,T5,2.990256000992379,0.12477315995938243,2.363121521057947,1.133448864573004,100,10
monash_m3_quarterly,spikes_intensity,20.0,C2-CL,1.4300844522201164,0.14213827638444013,1.4551491297726247,1.8772961450305428,100,10
monash_m3_quarterly,spikes_density,0.2,C2-uni,1.5621673460073506,0.2176545423592754,1.5349600592904578,2.6381861947413845,100,10
monash_m3_quarterly,spikes_density,0.2,T5,1.1821386213356844,0.09671226398031617,0.9342133971221973,0.8785415536038217,100,10
monash_m3_quarterly,spikes_density,0.2,C2-CL,1.876634401824731,0.23162413921386366,1.90952563149488,3.059183737856304,100,10
monash_m3_quarterly,drift,12.0,C2-uni,27.14737158134138,2.6097883611201826,26.674562874827735,31.633190609635804,100,10
monash_m3_quarterly,drift,12.0,T5,25.483696368228003,2.532171619895575,20.13910223869803,23.002439374052294,100,10
monash_m3_quarterly,drift,12.0,C2-CL,26.784629121413207,2.5480735419052873,27.254075587493947,33.65376842290713,100,10
monash_m3_quarterly,drift_step,12.0,C2-uni,2.9531426474376756,0.16678875201357884,2.901709618236243,2.0216430046933795,100,10
monash_m3_quarterly,drift_step,12.0,T5,2.779879715216011,0.16002184344405793,2.196866615700886,1.4536505833272975,100,10
monash_m3_quarterly,drift_step,12.0,C2-CL,2.922341105399368,0.16126285281779612,2.973560134731212,2.1298846421400475,100,10
monash_m3_quarterly,gap,0.4,C2-uni,1.0344980269574022,0.08327807886594597,1.01648082508756,1.0094118671140162,100,10
monash_m3_quarterly,gap,0.4,T5,1.2313282974348627,0.10200098521698521,0.9730867183914335,0.9265846991224337,100,10
monash_m3_quarterly,gap,0.4,C2-CL,0.9954131922667706,0.07649793560832256,1.0128595120676374,1.0103490999980884,100,10
monash_m3_quarterly,gap_boundary,0.4,C2-uni,1.9334839379734396,0.1708062919344367,1.8998096635767816,2.070339522768036,100,10
monash_m3_quarterly,gap_boundary,0.4,T5,2.2991109469678417,0.16670832191204932,1.816927566160403,1.5143910617282919,100,10
monash_m3_quarterly,gap_boundary,0.4,C2-CL,1.997579667116509,0.17248540815457578,2.0325906695534584,2.278106925447788,100,10
monash_m3_yearly,spikes_intensity,20.0,C2-uni,2.2108419735471387,0.1873361904639369,0.9722694964200506,1.3369971721439855,100,10
monash_m3_yearly,spikes_intensity,20.0,T5,4.098141212556528,0.2075058060981371,1.3340452957807154,1.146472272269584,100,10
monash_m3_yearly,spikes_intensity,20.0,C2-CL,8.683835415372904,0.2620610800259392,4.5406838251675214,2.0535875622953337,100,10
monash_m3_yearly,spikes_density,0.2,C2-uni,7.689712346760058,0.48933259565251563,3.3817309606276282,3.492311309443614,100,10
monash_m3_yearly,spikes_density,0.2,T5,3.3792361177995867,0.20991213949510995,1.1000240871325622,1.1597672955238294,100,10
monash_m3_yearly,spikes_density,0.2,C2-CL,11.540036960145704,0.6059656065855027,6.034160789598383,4.748524400264102,100,10
monash_m3_yearly,drift,12.0,C2-uni,51.530204915786626,2.7681491179815847,22.66161353156779,19.75596671229795,100,10
monash_m3_yearly,drift,12.0,T5,47.20982892261906,2.547411715132713,15.36795510995672,14.07448279337847,100,10
monash_m3_yearly,drift,12.0,C2-CL,51.1227084197533,2.7436432506750728,26.731512530671445,21.499994025836173,100,10
monash_m3_yearly,drift_step,12.0,C2-uni,9.167239827603998,0.43109319129441437,4.03150824771345,3.0766632772011673,100,10
monash_m3_yearly,drift_step,12.0,T5,6.895259778317455,0.3722907843243459,2.2445758682659105,2.056911415999122,100,10
monash_m3_yearly,drift_step,12.0,C2-CL,9.054154571520295,0.38605665957563756,4.734319715535894,3.0252533278399847,100,10
monash_m3_yearly,gap,0.4,C2-uni,3.215146868438578,0.2418390899996565,1.413936076886514,1.7259781926955522,100,10
monash_m3_yearly,gap,0.4,T5,2.9089862993598463,0.19190661701344236,0.946946258528427,1.0602865500877436,100,10
monash_m3_yearly,gap,0.4,C2-CL,3.392949835434946,0.2456657104109316,1.774136853180177,1.9251086324318005,100,10
monash_m3_yearly,gap_boundary,0.4,C2-uni,8.770241502822268,0.44710654950328305,3.856918943758883,3.190948800936676,100,10
monash_m3_yearly,gap_boundary,0.4,T5,9.222114786491009,0.4580035082023396,3.0020241397180523,2.5304753280389845,100,10
monash_m3_yearly,gap_boundary,0.4,C2-CL,8.96568411762979,0.46084888506660515,4.688059469945024,3.611347165236351,100,10
m4_quarterly,spikes_intensity,20.0,C2-uni,1.2362180752069536,0.057129595087262244,0.8832138400279373,1.0061382770169771,100,10
m4_quarterly,spikes_intensity,20.0,T5,1.5858135638021298,0.06251820818370646,1.1335849061824377,1.080019342023174,100,10
m4_quarterly,spikes_intensity,20.0,C2-CL,1.1976382749544843,0.05798382889342965,0.8653195581001808,1.041548843522308,100,10
m4_quarterly,spikes_density,0.2,C2-uni,3.3646336319189487,0.23414510371474037,2.403856609066967,4.123648187312924,100,10
m4_quarterly,spikes_density,0.2,T5,4.973602828997001,0.17774274916253288,3.555273598984524,3.0705551642783493,100,10
m4_quarterly,spikes_density,0.2,C2-CL,3.493385669885419,0.22232852451418145,2.524046707052377,3.9936310176302676,100,10
m4_quarterly,drift,12.0,C2-uni,35.717710060101176,2.039996511978272,25.51845543425282,35.927413323118344,100,10
m4_quarterly,drift,12.0,T5,34.49378127103446,1.9686617376370903,24.657141733769425,34.00917614755214,100,10
m4_quarterly,drift,12.0,C2-CL,35.32844578369527,2.0188128957303997,25.525566219128397,36.263425112896996,100,10
m4_quarterly,drift_step,12.0,C2-uni,4.439684545439404,0.24296017441056683,3.17192485252554,4.2788948686194255,100,10
m4_quarterly,drift_step,12.0,T5,1.9324680112651849,0.13998139680765856,1.381383423154994,2.4182173556774065,100,10
m4_quarterly,drift_step,12.0,C2-CL,4.430439760931438,0.289129461093794,3.2010885559451263,5.193559335033716,100,10
m4_quarterly,gap,0.4,C2-uni,1.8881518090939593,0.09449771581531181,1.3489867550969072,1.6642472054498518,100,10
m4_quarterly,gap,0.4,T5,1.8182889262124864,0.09305628655329273,1.2997649464488572,1.6075730942109792,100,10
m4_quarterly,gap,0.4,C2-CL,1.6609081977136466,0.07233509349548724,1.2000420976401753,1.2993369774661405,100,10
m4_quarterly,gap_boundary,0.4,C2-uni,6.67507671144921,0.33049448163449496,4.768996872831804,5.820505953305626,100,10
m4_quarterly,gap_boundary,0.4,T5,7.177989652302919,0.41143528643906446,5.131032368695007,7.107658396723587,100,10
m4_quarterly,gap_boundary,0.4,C2-CL,5.863551523103764,0.3100722358630592,4.236542801759255,5.5697490978927195,100,10
m4_yearly,spikes_intensity,20.0,C2-uni,3.960889071594109,0.14649973671631067,1.4576519132839831,1.2592886109420498,100,10
m4_yearly,spikes_intensity,20.0,T5,4.121268695551822,0.16035958930258676,1.1479989344488226,1.050906391901958,100,10
m4_yearly,spikes_intensity,20.0,C2-CL,2.8373527959446676,0.13321382456024441,1.0426618838746513,1.201826889617053,100,10
m4_yearly,spikes_density,0.2,C2-uni,12.261057785754282,0.40590487687860083,4.5122077435754235,3.4890942471035,100,10
m4_yearly,spikes_density,0.2,T5,17.373138155650967,0.2121180094002454,4.839370000855774,1.3901019133667836,100,10
m4_yearly,spikes_density,0.2,C2-CL,11.901844832570676,0.4017091633862843,4.37365419360206,3.6241349271139107,100,10
m4_yearly,drift,12.0,C2-uni,64.67910912579505,1.6203007434288104,23.80264265486604,13.92784941622127,100,10
m4_yearly,drift,12.0,T5,60.148990205722015,1.5237181126148769,16.754786393536975,9.985589954226274,100,10
m4_yearly,drift,12.0,C2-CL,64.03008819386335,1.6193002981988827,23.52958450436404,14.608984068768478,100,10
m4_yearly,drift_step,12.0,C2-uni,6.584493664899805,0.23566980400354767,2.423168035045393,2.0257804333075695,100,10
m4_yearly,drift_step,12.0,T5,6.18211820905062,0.18167068085628324,1.722058337105464,1.1905672779742458,100,10
m4_yearly,drift_step,12.0,C2-CL,4.0075495652748545,0.16890276458986958,1.4726822781512174,1.5238049420536197,100,10
m4_yearly,gap,0.4,C2-uni,4.479770319745991,0.15918122419071054,1.6486060729346521,1.3682966754223325,100,10
m4_yearly,gap,0.4,T5,4.746894054812022,0.17911965497731688,1.3222698444164398,1.1738492917672942,100,10
m4_yearly,gap,0.4,C2-CL,4.318306447247604,0.15130159256967537,1.586878283825176,1.365010898774138,100,10
m4_yearly,gap_boundary,0.4,C2-uni,13.182745379609914,0.39094278947512656,4.851399187806671,3.3604825056394154,100,10
m4_yearly,gap_boundary,0.4,T5,16.40816491495015,0.5003426135826579,4.570572129634266,3.278963565831885,100,10
m4_yearly,gap_boundary,0.4,C2-CL,11.982334229540601,0.3724562657699108,4.403232195462296,3.360221485167253,100,10
m5,spikes_intensity,20.0,C2-uni,0.8497994023011864,0.6406649677257573,1.0684821339172954,1.0705411618929153,100,10
m5,spikes_intensity,20.0,T5,0.8590474820086681,0.653099906260418,1.0179735925758397,1.0650460169004734,100,10
m5,spikes_intensity,20.0,C2-CL,0.8553581054607509,0.6558649118389002,1.0817322339979012,1.1010152567592353,100,10
m5,spikes_density,0.2,C2-uni,0.9589057315575135,0.8900071333304016,1.2056652893678634,1.4871880290110715,100,10
m5,spikes_density,0.2,T5,0.820845649657901,0.6621139572034566,0.9727043177853947,1.079745726640124,100,10
m5,spikes_density,0.2,C2-CL,0.9163734434377292,0.8501226579246415,1.1588955383924047,1.4271201273253225,100,10
m5,drift,12.0,C2-uni,15.779813199249734,10.573249380996595,19.8405040463596,17.667734693682966,100,10
m5,drift,12.0,T5,15.949110083739694,10.776205882255745,18.899738641185174,17.573352931426566,100,10
m5,drift,12.0,C2-CL,15.69248488874309,10.575998142989786,19.8455671692437,17.754167208367576,100,10
m5,drift_step,12.0,C2-uni,0.8298860114871719,0.6084004606118847,1.0434443399945523,1.0166276740738454,100,10
m5,drift_step,12.0,T5,0.8068464881107955,0.6158015522452118,0.9561152734407973,1.004221535071503,100,10
m5,drift_step,12.0,C2-CL,0.8499997787421992,0.6166883872116877,1.0749558035242257,1.0352487390773748,100,10
m5,gap,0.4,C2-uni,0.8020632561058649,0.6143472639040769,1.0084618288739555,1.0265646895603815,100,10
m5,gap,0.4,T5,0.8577158056708252,0.6638161449997242,1.0163955525091692,1.082521578106421,100,10
m5,gap,0.4,C2-CL,0.7928434005475054,0.6132498938614501,1.002672748886577,1.029476462545212,100,10
m5,gap_boundary,0.4,C2-uni,0.8289300015425864,0.6091066489755388,1.0422423156781422,1.0178077038076783,100,10
m5,gap_boundary,0.4,T5,1.4919695175887426,1.0092255818465317,1.767987918761084,1.6457997862138956,100,10
m5,gap_boundary,0.4,C2-CL,0.8463951102959305,0.6406506890521556,1.0703971443774773,1.0754747969700793,100,10
nn5,spikes_intensity,20.0,C2-uni,0.5807916213618035,0.1531207919358556,1.0583872415337734,1.0458813309159674,100,10
nn5,spikes_intensity,20.0,T5,0.5720278971087964,0.15536479403711778,1.0060688827018014,0.9979842905303534,100,10
nn5,spikes_intensity,20.0,C2-CL,0.5658189470658669,0.1551534489835878,1.071861806110658,1.0909957679661433,100,10
nn5,spikes_density,0.2,C2-uni,0.9945552951966935,0.3678814154959571,1.8123963857603667,2.512789410201999,100,10
nn5,spikes_density,0.2,T5,0.6851768669842558,0.1760838002739863,1.2050725646495235,1.131072631862401,100,10
nn5,spikes_density,0.2,C2-CL,1.0157930632511498,0.3993160799697432,1.9242724073789446,2.807879271661588,100,10
nn5,drift,12.0,C2-uni,13.166111427832762,4.2632929335939975,23.99284673418095,29.12013731838471,100,10
nn5,drift,12.0,T5,13.57460633363141,4.3770442791069994,23.87469054607291,28.11590268295236,100,10
nn5,drift,12.0,C2-CL,13.121067252130803,4.2332540819749305,24.85595598362164,29.767061695474094,100,10
nn5,drift_step,12.0,C2-uni,0.587242398892735,0.15557035985774675,1.0701426119378816,1.0626129408164036,100,10
nn5,drift_step,12.0,T5,0.5942939164088791,0.1591142709350386,1.0452298209579127,1.0220690200536808,100,10
nn5,drift_step,12.0,C2-CL,0.5526397496749048,0.17376852789782588,1.0468957310228242,1.2218918095870925,100,10
nn5,gap,0.4,C2-uni,0.590173818152835,0.1563490322475195,1.075484591109691,1.067931610508918,100,10
nn5,gap,0.4,T5,0.6474898201352898,0.1760444292576779,1.1387894947025723,1.1308197325101281,100,10
nn5,gap,0.4,C2-CL,0.5495679551224322,0.1463835599960453,1.0410766624425156,1.0293283552620025,100,10
nn5,gap_boundary,0.4,C2-uni,0.7056850599473332,0.18658246285740543,1.2859828491292584,1.274439036735327,100,10
nn5,gap_boundary,0.4,T5,1.1826771174928048,0.3217004535581375,2.0800640182181,2.0664398321205835,100,10
nn5,gap_boundary,0.4,C2-CL,0.6427144035398442,0.17163446385547768,1.2175290788050561,1.2068856666104264,100,10
monash_nn5_weekly,spikes_intensity,20.0,C2-uni,0.9776231404185648,0.08309137257155252,0.9738468846676143,0.9892007149482547,100,10
monash_nn5_weekly,spikes_intensity,20.0,T5,1.0157168887438786,0.08819562365026411,0.8961809319898429,0.9161234409211597,100,10
monash_nn5_weekly,spikes_intensity,20.0,C2-CL,0.9856279066575666,0.08563002868271406,0.9416912675618824,0.9714357128293835,100,10
monash_nn5_weekly,spikes_density,0.2,C2-uni,1.3405289761599022,0.1629178019834251,1.335350927435143,1.9395323631346184,100,10
monash_nn5_weekly,spikes_density,0.2,T5,1.1695423850041569,0.10001091727584104,1.0319032756173276,1.0388536513755984,100,10
monash_nn5_weekly,spikes_density,0.2,C2-CL,1.492119209597117,0.17312942128166917,1.425604551522827,1.9640785523694195,100,10
monash_nn5_weekly,drift,12.0,C2-uni,15.348339914764853,1.6207899827986092,15.289054025883521,19.295464259959292,100,10
monash_nn5_weekly,drift,12.0,T5,14.810292974082495,1.5514213081479493,13.06732447559282,16.11523756297686,100,10
monash_nn5_weekly,drift,12.0,C2-CL,15.172271193670744,1.5902367795957533,14.495932182573974,18.040549831859995,100,10
monash_nn5_weekly,drift_step,12.0,C2-uni,1.0774995357791055,0.0903384129218503,1.0733374884109446,1.0754765492967624,100,10
monash_nn5_weekly,drift_step,12.0,T5,1.181977934403335,0.09840552706752317,1.0428753312893992,1.022177817124486,100,10
monash_nn5_weekly,drift_step,12.0,C2-CL,1.1960486256592788,0.0997478977055518,1.142731997293217,1.1315968428536314,100,10
monash_nn5_weekly,gap,0.4,C2-uni,1.0898705632865275,0.08952704627404345,1.0856607304662445,1.0658172496215217,100,10
monash_nn5_weekly,gap,0.4,T5,1.1331810897586976,0.09443795942062534,0.999821206467397,0.9809650950604403,100,10
monash_nn5_weekly,gap,0.4,C2-CL,1.0629608951540193,0.08740411944580068,1.0155769595858948,0.991562006742572,100,10
monash_nn5_weekly,gap_boundary,0.4,C2-uni,1.334035582518625,0.11671259336764726,1.3288826157646858,1.3894605087107232,100,10
monash_nn5_weekly,gap_boundary,0.4,T5,1.6254936547343255,0.15836989774860089,1.4341953300047097,1.6450518705907013,100,10
monash_nn5_weekly,gap_boundary,0.4,C2-CL,1.348127648750126,0.12118508152988688,1.2880317468809164,1.3747924398866538,100,10
monash_tourism_monthly,spikes_intensity,20.0,C2-uni,2.355196933821147,0.1610975715270087,1.2622537107913157,1.2650354809164996,100,10
monash_tourism_monthly,spikes_intensity,20.0,T5,1.9832078679046719,0.0992113346692845,0.8796345781215377,0.6709794650946106,100,10
monash_tourism_monthly,spikes_intensity,20.0,C2-CL,2.169932371438315,0.1504805530126951,1.3465770587659052,1.4673403560295424,100,10
monash_tourism_monthly,spikes_density,0.2,C2-uni,4.774210070056493,0.4425160968232302,2.5587093335965205,3.4749037993053458,100,10
monash_tourism_monthly,spikes_density,0.2,T5,3.992326203529785,0.3359564948805819,1.7707615185471248,2.272118503207904,100,10
monash_tourism_monthly,spikes_density,0.2,C2-CL,4.865787463617398,0.4302950565234177,3.0195216484995364,4.195819916900208,100,10
monash_tourism_monthly,drift,12.0,C2-uni,40.67941849760995,3.7788958000895625,21.801891049566212,29.674173362682744,100,10
monash_tourism_monthly,drift,12.0,T5,40.824787377341,3.80728027886049,18.107478899581988,25.74914341683551,100,10
monash_tourism_monthly,drift,12.0,C2-CL,40.406679040924885,3.748824025632304,25.074839996677436,36.554894771016286,100,10
monash_tourism_monthly,drift_step,12.0,C2-uni,2.0155073517605784,0.12312004122445476,1.0801991108910658,0.9668129636251221,100,10
monash_tourism_monthly,drift_step,12.0,T5,2.0032628315187444,0.0992731842024374,0.8885297825745867,0.6713977617218017,100,10
monash_tourism_monthly,drift_step,12.0,C2-CL,5.661591129440798,0.1772199887359198,3.5133669746417953,1.7280773904743552,100,10
monash_tourism_monthly,gap,0.4,C2-uni,1.833597708527074,0.11391782674973666,0.982705725559726,0.8945516147843042,100,10
monash_tourism_monthly,gap,0.4,T5,2.351024499308075,0.15253173062412995,1.042776441678409,1.0315924018691771,100,10
monash_tourism_monthly,gap,0.4,C2-CL,1.5753264122594293,0.09813179934446564,0.9775873362405619,0.9568860992674585,100,10
monash_tourism_monthly,gap_boundary,0.4,C2-uni,4.5204363716419875,0.2909826069240313,2.422700837693277,2.2849712667876223,100,10
monash_tourism_monthly,gap_boundary,0.4,T5,8.68400692454746,0.7355717284625718,3.851715642672104,4.974769531604105,100,10
monash_tourism_monthly,gap_boundary,0.4,C2-CL,4.345810620081415,0.27071560606436806,2.696843901574663,2.639755940767517,100,10
monash_tourism_quarterly,spikes_intensity,20.0,C2-uni,2.060295930063368,0.15016579801890612,1.3807610408327329,1.8985317689197394,100,10
monash_tourism_quarterly,spikes_intensity,20.0,T5,1.6676827895540716,0.09151822573177798,1.0686756815743752,1.1445863582351166,100,10
monash_tourism_quarterly,spikes_intensity,20.0,C2-CL,2.104006288863174,0.16365915859612096,1.5404799319272706,2.186346042513259,100,10
monash_tourism_quarterly,spikes_density,0.2,C2-uni,4.4591947853158524,0.4760636197970809,2.988445661230442,6.018826644519238,100,10
monash_tourism_quarterly,spikes_density,0.2,T5,3.1906854163068914,0.3587941773702893,2.044638184982978,4.487312964696454,100,10
monash_tourism_quarterly,spikes_density,0.2,C2-CL,4.532330361178484,0.5027960222795738,3.318414019585746,6.716923775803952,100,10
monash_tourism_quarterly,drift,12.0,C2-uni,43.26297237270147,3.8498105209020483,28.993809040340995,48.67278484634548,100,10
monash_tourism_quarterly,drift,12.0,T5,43.12670104614516,3.761605667894177,27.636224900340476,47.04508307613062,100,10
monash_tourism_quarterly,drift,12.0,C2-CL,43.07864188902766,3.8041183640166825,31.54067726697949,50.819759809134325,100,10
monash_tourism_quarterly,drift_step,12.0,C2-uni,2.1795022526366976,0.14411810867641003,1.4606502662728522,1.8220714131212734,100,10
monash_tourism_quarterly,drift_step,12.0,T5,1.858878869545407,0.08997323244321474,1.1911969442383168,1.1252636689290862,100,10
monash_tourism_quarterly,drift_step,12.0,C2-CL,3.487612030550326,0.1404124190498993,2.553507739900241,1.875789533215509,100,10
monash_tourism_quarterly,gap,0.4,C2-uni,1.6472536688935762,0.1192372334885786,1.1039499992154413,1.5075048966054578,100,10
monash_tourism_quarterly,gap,0.4,T5,2.022520301288412,0.1320053998156431,1.2960607826715984,1.6509452476185162,100,10
monash_tourism_quarterly,gap,0.4,C2-CL,1.676431229713629,0.12362333284519732,1.227424404717616,1.6515017359670259,100,10
monash_tourism_quarterly,gap_boundary,0.4,C2-uni,5.540734880770587,0.38329551129727457,3.7132679579266656,4.845968354196022,100,10
monash_tourism_quarterly,gap_boundary,0.4,T5,8.494811420260177,0.6975911414822406,5.443600210577089,8.724527795221316,100,10
monash_tourism_quarterly,gap_boundary,0.4,C2-CL,6.17752941732401,0.4435354305661295,4.522971317457341,5.925253078721719,100,10
monash_tourism_yearly,spikes_intensity,20.0,C2-uni,2.3716235510441273,0.13646452709433105,0.8692213508222271,0.7732897010487575,100,10
monash_tourism_yearly,spikes_intensity,20.0,T5,2.95743260135448,0.16255579387763944,0.9790123933194377,0.9814444838980487,100,10
monash_tourism_yearly,spikes_intensity,20.0,C2-CL,2.458058348050128,0.16030518322934556,0.9685523737986848,1.0876708043101548,100,10
monash_tourism_yearly,spikes_density,0.2,C2-uni,4.962607987187829,0.37810666523877245,1.818840437946181,2.1425787078346104,100,10
monash_tourism_yearly,spikes_density,0.2,T5,3.068744842008838,0.18960256556553395,1.0158605916786707,1.1447416771086156,100,10
monash_tourism_yearly,spikes_density,0.2,C2-CL,6.021502881490804,0.4497481214448753,2.3726617044424207,3.0515413858394784,100,10
monash_tourism_yearly,drift,12.0,C2-uni,42.001635456296164,2.510227405449307,15.393976962318169,14.224451154126562,100,10
monash_tourism_yearly,drift,12.0,T5,38.27679451498536,2.5265372334390035,12.670941745062798,15.254184252505063,100,10
monash_tourism_yearly,drift,12.0,C2-CL,40.701341095942965,2.4800179124915527,16.037609752647576,16.826923641789534,100,10
monash_tourism_yearly,drift_step,12.0,C2-uni,3.2155585229591432,0.15792938352668548,1.178531104459616,0.8949224269083951,100,10
monash_tourism_yearly,drift_step,12.0,T5,2.8743371325362452,0.1343408062775448,0.9515049215466297,0.8110940873799837,100,10
monash_tourism_yearly,drift_step,12.0,C2-CL,2.8568362500286497,0.1786132094375815,1.125683421516141,1.2118907776765435,100,10
monash_tourism_yearly,gap,0.4,C2-uni,3.1052731601459067,0.20010433615432216,1.1381105275943557,1.133910955309088,100,10
monash_tourism_yearly,gap,0.4,T5,3.1223081040710854,0.1602460356183718,1.0335918824480834,0.9674991212098227,100,10
monash_tourism_yearly,gap,0.4,C2-CL,2.8349749789905134,0.1711677473630767,1.1170693924899222,1.1613733111798337,100,10
monash_tourism_yearly,gap_boundary,0.4,C2-uni,7.279887955502216,0.6344958951652806,2.6681443771842352,3.595433564576548,100,10
monash_tourism_yearly,gap_boundary,0.4,T5,7.822222403992711,0.7823337314152082,2.58942593427235,4.723406695935996,100,10
monash_tourism_yearly,gap_boundary,0.4,C2-CL,6.890422552452483,0.6277526246702565,2.71504341015657,4.2593020913494515,100,10
monash_traffic,spikes_intensity,20.0,C2-uni,0.7963822778349353,0.2029025787586701,1.2284929115024714,1.166633294800445,100,10
monash_traffic,spikes_intensity,20.0,T5,0.7340690662815434,0.195632736477639,1.0029938682676318,0.9427587918371358,100,10
monash_traffic,spikes_intensity,20.0,C2-CL,0.9410330110141591,0.2245326923301344,1.4215093110441714,1.3012079108917347,100,10
monash_traffic,spikes_density,0.2,C2-uni,1.957466270342399,0.4637296877786316,3.0195717616398823,2.666316499572085,100,10
monash_traffic,spikes_density,0.2,T5,0.7914505036431108,0.2655094354948246,1.0813968857351481,1.2794962598556279,100,10
monash_traffic,spikes_density,0.2,C2-CL,1.9458666998703984,0.49044489896330457,2.9393948985227962,2.842217655544056,100,10
monash_traffic,drift,12.0,C2-uni,33.79743769435628,8.22191846548423,52.135656191823095,47.27374037161475,100,10
monash_traffic,drift,12.0,T5,33.333792002179585,8.098501696228613,45.545563108460556,39.02687153640139,100,10
monash_traffic,drift,12.0,C2-CL,33.75521361435561,8.203249469457667,50.99008205607944,47.53932709710876,100,10
monash_traffic,drift_step,12.0,C2-uni,0.7060108757831197,0.18290397366014932,1.0890867118504415,1.0516468875293479,100,10
monash_traffic,drift_step,12.0,T5,0.7318779202004748,0.2075109117745943,1.0,1.0,100,10
monash_traffic,drift_step,12.0,C2-CL,0.7137429035132381,0.18263772042989895,1.0781685351742711,1.058418906326554,100,10
monash_traffic,gap,0.4,C2-uni,0.6702918323593204,0.17607808662748262,1.03398680207962,1.0123999389317795,100,10
monash_traffic,gap,0.4,T5,0.7290746797171394,0.20740007719704395,0.9961697977135755,0.9994658855449937,100,10
monash_traffic,gap,0.4,C2-CL,0.6949024300796094,0.17810733328537603,1.049708419432401,1.032164486399197,100,10
monash_traffic,gap_boundary,0.4,C2-uni,2.243620012873811,0.44653979222319534,3.4609902287301373,2.56747938960629,100,10
monash_traffic,gap_boundary,0.4,T5,62.43003308000547,10.059895549873207,85.3011565957677,48.47887498465923,100,10
monash_traffic,gap_boundary,0.4,C2-CL,2.2060359508094254,0.46574054716809815,3.3324023789496966,2.6990514303686552,100,10
monash_weather,spikes_intensity,20.0,C2-uni,0.7682153758965973,0.15039087636222254,0.98781043163588,1.0271367625783863,100,10
monash_weather,spikes_intensity,20.0,T5,0.7953202557019137,0.15809773483514358,0.9178074926513121,0.9236061322607197,100,10
monash_weather,spikes_intensity,20.0,C2-CL,0.7710035504445341,0.14820921079798277,0.9830313901422554,1.0077343770847236,100,10
monash_weather,spikes_density,0.2,C2-uni,1.5534507895014316,0.4399785399533638,1.9975060940579967,3.0049571095203946,100,10
monash_weather,spikes_density,0.2,T5,0.8536723870874254,0.1701000578593201,0.9851464331772646,0.9937236400040328,100,10
monash_weather,spikes_density,0.2,C2-CL,1.1069035846621624,0.3742934713991273,1.4113047455572911,2.544972719417599,100,10
monash_weather,drift,12.0,C2-uni,28.395671820490037,7.364132281094596,36.51260013489311,50.29541135317517,100,10
monash_weather,drift,12.0,T5,28.141482709628786,7.334568897472955,32.47555120096824,42.84851277760949,100,10
monash_weather,drift,12.0,C2-CL,28.34101287031846,7.3604017109566895,36.134859902896075,50.04634862670242,100,10
monash_weather,drift_step,12.0,C2-uni,0.7992132708572873,0.15050043003176986,1.0276691027347054,1.0278849901583387,100,10
monash_weather,drift_step,12.0,T5,0.8665436511140653,0.17117441007907366,1.0,1.0,100,10
monash_weather,drift_step,12.0,C2-CL,0.8089074676559338,0.1552763189214246,1.0313589761912119,1.0557865039682168,100,10
monash_weather,gap,0.4,C2-uni,0.7881702164610386,0.14880404399302563,1.0134693813128248,1.016299044879835,100,10
monash_weather,gap,0.4,T5,0.8708637684615632,0.17225491325497522,1.00498545842664,1.006312293849311,100,10
monash_weather,gap,0.4,C2-CL,0.7763100205262621,0.1477809444424343,0.9897971523208884,1.004822420893126,100,10
monash_weather,gap_boundary,0.4,C2-uni,1.442599264518554,0.3235143264035766,1.8549675610157073,2.2095320268601584,100,10
monash_weather,gap_boundary,0.4,T5,4.027643917952587,0.9179045021669872,4.64794117731343,5.362393255761554,100,10
monash_weather,gap_boundary,0.4,C2-CL,0.7858945193440245,0.2064048300754252,1.0020174114769058,1.4034299335609706,100,10
