dataset,w_c2,w_t5,ratio_t5_over_c2
monash_australian_electricity,443.33334,404.308,0.91197294
monash_australian_electricity,815.3333,257.55197,0.3158855
monash_australian_electricity,345.33334,279.8409,0.8103501
monash_australian_electricity,341.91666,318.8093,0.93241817
monash_australian_electricity,49.708332,33.900284,0.68198395
monash_cif_2016,100.0,130.66553,1.3066553
monash_cif_2016,28.333334,36.870396,1.301308
monash_cif_2016,67.666664,95.45309,1.4106368
monash_cif_2016,129.66667,112.23907,0.8655969
monash_cif_2016,31.833334,31.072123,0.9760876
monash_cif_2016,132.66667,119.10767,0.8977965
monash_cif_2016,45.666668,49.916992,1.0930728
monash_cif_2016,27.166666,30.10631,1.1082077
monash_cif_2016,57.166668,88.535576,1.5487273
monash_cif_2016,2.0885417,2.2568004,1.0805627
monash_cif_2016,23.333334,33.716732,1.4450028
monash_cif_2016,43.5,54.61659,1.2555537
monash_cif_2016,75.0,86.446846,1.1526246
monash_cif_2016,59.333332,108.73112,1.832547
monash_cif_2016,146.33333,189.64062,1.2959497
monash_cif_2016,330.66666,123.64396,0.37392327
monash_cif_2016,47.666668,52.65552,1.1046612
monash_cif_2016,95.333336,97.58532,1.0236222
monash_cif_2016,126.0,59.958485,0.47586098
monash_cif_2016,141.33333,134.92575,0.95466334
monash_cif_2016,18.708334,41.250217,2.2049112
monash_cif_2016,15.708333,51.819965,3.298884
monash_cif_2016,14.333333,17.10353,1.1932696
monash_cif_2016,14.666667,18.168146,1.2387372
monash_cif_2016,156.0,176.48584,1.1313195
monash_cif_2016,117.333336,133.65613,1.1391147
monash_cif_2016,254.0,276.6924,1.0893402
monash_cif_2016,776.0,386.46838,0.49802628
monash_cif_2016,141.33333,115.064964,0.81413895
monash_cif_2016,138.66667,140.047,1.0099542
monash_cif_2016,77.166664,52.41196,0.6792047
monash_cif_2016,162.33333,109.00057,0.67146146
monash_cif_2016,227.33333,223.31865,0.9823401
monash_cif_2016,304.33334,380.84482,1.2514068
monash_cif_2016,63.0,82.94873,1.3166465
monash_cif_2016,90.5,84.62894,0.93512636
monash_cif_2016,343.33334,366.03467,1.0661204
monash_cif_2016,53.333332,59.233105,1.1106207
monash_cif_2016,395.33334,420.78238,1.0643736
monash_cif_2016,230.33333,236.6488,1.0274189
monash_cif_2016,8.229167,7.2955856,0.88655216
monash_cif_2016,255.0,289.38174,1.1348304
monash_cif_2016,68.666664,73.375435,1.0685743
monash_cif_2016,21.75,17.567469,0.8076997
monash_cif_2016,509.0,420.82474,0.8267677
monash_cif_2016,333.33334,389.92886,1.1697866
monash_cif_2016,96.666664,114.6214,1.1857387
monash_cif_2016,292.0,233.4881,0.79961675
monash_cif_2016,0.2594401,0.23373228,0.90091044
monash_cif_2016,0.21223958,0.14761664,0.6955189
monash_cif_2016,2095445.4,1978474.4,0.94417846
monash_cif_2016,1990656.0,1020755.94,0.51277363
monash_cif_2016,80.0,487.84814,6.0981016
monash_cif_2016,18175318.0,130486300.0,7.179313
monash_cif_2016,22369622.0,50083490.0,2.2389064
monash_cif_2016,226.625,86.41015,0.38129133
monash_cif_2016,12895.333,10825.987,0.83952755
monash_cif_2016,1140.2916,745.43866,0.65372634
monash_cif_2016,23178.666,16047.491,0.6923389
monash_cif_2016,38272.0,12561.461,0.32821542
monash_cif_2016,2076.0,1110.1385,0.5347488
monash_cif_2016,237.16667,174.41412,0.7354074
monash_cif_2016,379.33334,314.9351,0.8302331
monash_cif_2016,322.04166,183.68237,0.57036835
monash_cif_2016,7914.6665,3042.9016,0.38446367
monash_cif_2016,31648.0,12098.862,0.38229468
monash_cif_2016,71125.336,29060.822,0.40858608
monash_cif_2016,23184.0,22563.268,0.97322583
monash_cif_2016,16170.667,20639.754,1.2763699
monash_cif_2016,28224170.0,27001146.0,0.9566675
monash_cif_2016,7788650.5,7579886.0,0.9731963
monash_cif_2016,11621717.0,11073245.0,0.9528063
monash_car_parts,1.7154948,0.020344647,0.011859346
monash_car_parts,0.02587835,0.024997273,0.9659532
monash_car_parts,0.013195674,0.08334281,6.3159194
monash_car_parts,0.18053436,0.2833015,1.5692387
monash_car_parts,1.9718565,0.19421113,0.09849151
monash_car_parts,0.11536217,0.33978438,2.945371
monash_car_parts,1.4704489,0.2664433,0.18119863
monash_car_parts,0.014584859,0.029613867,2.0304527
monash_car_parts,0.19597371,0.008352791,0.042621996
monash_car_parts,0.019259134,0.15384625,7.9882226
monash_car_parts,0.010531108,0.0,0.0
monash_car_parts,1.5661011,1.1575376,0.7391206
monash_car_parts,0.6594537,0.15831573,0.24007104
monash_car_parts,0.012908936,0.19230783,14.8972645
monash_car_parts,0.42915344,0.6083792,1.4176263
monash_car_parts,0.9908447,0.4410577,0.44513303
monash_car_parts,0.016562143,0.026590446,1.6054955
monash_car_parts,0.026585897,0.14423095,5.425092
monash_car_parts,0.25221762,0.37897125,1.5025566
monash_car_parts,0.57592267,0.42519176,0.7382793
monash_car_parts,0.09142876,0.19994469,2.1868906
monash_car_parts,1.1080602,0.6525494,0.5889115
monash_car_parts,2.5461833,2.1381052,0.8397294
monash_car_parts,1.1049067,0.4585403,0.41500363
monash_car_parts,1.2967631,0.4166763,0.32132033
monash_car_parts,1.2131399,0.5667973,0.46721512
monash_car_parts,0.019245148,0.070512846,3.6639285
monash_car_parts,0.5932045,0.46661416,0.78659916
monash_car_parts,0.075035095,0.22091906,2.9442098
monash_car_parts,1.1397362,0.44168743,0.3875348
monash_car_parts,0.71108884,0.52944475,0.744555
monash_car_parts,0.12685013,0.012500989,0.098549284
monash_car_parts,1.105032,1.0250772,0.92764485
monash_car_parts,1.1337547,0.53336734,0.4704433
monash_car_parts,3.248937,0.7319789,0.22529797
monash_car_parts,0.02193006,0.070512846,3.2153513
monash_car_parts,1.5379639,0.86544746,0.56272286
monash_car_parts,1.3773855,1.2919207,0.9379514
monash_car_parts,1.056406,0.45852146,0.43403903
monash_car_parts,0.29029337,0.2916731,1.0047529
monash_car_parts,3.2894313,1.0673425,0.3244763
monash_car_parts,0.13166364,0.21153854,1.6066588
monash_car_parts,1.7020239,1.463851,0.8600649
monash_car_parts,1.4170023,1.0112919,0.71368396
monash_car_parts,1.0699844,0.16674186,0.15583578
monash_car_parts,1.4712042,1.3660175,0.928503
monash_car_parts,3.4156048,2.1339765,0.62477267
monash_car_parts,2.6556244,2.119436,0.7980933
monash_car_parts,1.5901693,1.1917347,0.7494389
monash_car_parts,1.3119965,1.0248705,0.78115344
monash_car_parts,1.9555393,0.9922301,0.5073946
monash_car_parts,6.905102,2.7372315,0.39640713
monash_car_parts,1.2938334,1.3167157,1.0176857
monash_car_parts,2.8494709,1.8993363,0.66655755
monash_car_parts,1.7816309,1.9001431,1.066519
monash_car_parts,7.9162345,0.7393604,0.09339799
monash_car_parts,2.3371356,1.7043389,0.7292426
monash_car_parts,3.1790364,0.47086895,0.14811687
monash_car_parts,1.6713766,1.3173083,0.7881577
monash_car_parts,2.1977131,2.0087965,0.91403943
monash_car_parts,2.9302928,0.7312694,0.24955507
monash_car_parts,2.3736572,1.5948445,0.67189336
monash_car_parts,3.0434673,2.6830733,0.8815844
monash_car_parts,2.9208171,1.2169604,0.41665068
monash_car_parts,2.1767833,1.4219745,0.6532458
monash_car_parts,2.143736,2.416949,1.1274472
monash_car_parts,11.155284,3.5418558,0.31750476
monash_car_parts,1.0321106,6.659994,6.452791
monash_car_parts,2.3271134,1.891944,0.8130004
monash_car_parts,8.005371,5.684639,0.7101031
monash_car_parts,6.860016,4.5793304,0.66753936
monash_car_parts,11.558594,4.2953634,0.37161642
monash_car_parts,0.10972595,3.529104,32.16289
monash_car_parts,1.8518829,1.639027,0.8850597
monash_car_parts,5.5667167,2.1244192,0.38162875
monash_car_parts,5.139374,2.2357936,0.4350323
monash_car_parts,2.909212,2.4840672,0.8538625
monash_car_parts,2.1478913,1.4854441,0.6915825
monash_car_parts,2.9472454,1.1119263,0.37727648
monash_car_parts,3.2390416,3.0571225,0.9438355
monash_car_parts,2.687822,2.8168786,1.0480152
monash_car_parts,2.2451656,2.316841,1.0319242
monash_car_parts,2.2899475,3.0597932,1.3361849
monash_car_parts,2.8233337,2.391618,0.84709007
monash_car_parts,3.0949402,2.065903,0.6675098
monash_car_parts,2.1391602,1.3088112,0.6118341
monash_car_parts,2.821045,2.552354,0.9047549
monash_car_parts,3.1754863,3.7435162,1.1788796
monash_car_parts,1.9267578,3.057451,1.5868372
monash_car_parts,2.922058,3.2435007,1.1100055
monash_car_parts,2.2748795,3.1143997,1.3690394
monash_car_parts,3.4086475,4.3475323,1.275442
monash_car_parts,4.909861,1.1148401,0.22706145
monash_car_parts,0.92903644,2.4473007,2.6342354
monash_car_parts,4.4383545,3.279175,0.73882675
monash_car_parts,3.6055908,2.6212497,0.7269959
monash_car_parts,2.671107,3.4096577,1.276496
monash_car_parts,19.830362,9.958127,0.5021657
monash_car_parts,4.410482,3.718442,0.84309196
monash_car_parts,4.2916665,3.0725367,0.71593094
monash_covid_deaths,348.8,436.98996,1.2528383
monash_covid_deaths,170.66667,128.30081,0.75176257
monash_covid_deaths,1.4167969,0.0,0.0
monash_covid_deaths,1.2008382,0.88773,0.73925865
monash_covid_deaths,2.37138e-08,0.0,0.0
monash_covid_deaths,4.9480467,0.93068963,0.18809234
monash_covid_deaths,130.33333,82.03164,0.62939876
monash_covid_deaths,4.87168,0.0071756365,0.0014729286
monash_covid_deaths,2.782552,0.0,0.0
monash_covid_deaths,0.053645834,0.0,0.0
monash_covid_deaths,2.37138e-08,0.012121256,511147.78
monash_covid_deaths,0.026302082,0.0,0.0
monash_covid_deaths,43.6,47.215168,1.0829167
monash_covid_deaths,0.8489583,0.0076108933,0.008964979
monash_covid_deaths,2.37138e-08,0.0,0.0
monash_covid_deaths,27.866667,15.676248,0.56254476
monash_covid_deaths,2.37138e-08,0.24296197,10245594.0
monash_covid_deaths,1.2365927,0.33037758,0.26716766
monash_covid_deaths,202.66667,253.55438,1.2510906
monash_covid_deaths,554.6667,359.1196,0.64745116
monash_covid_deaths,11.375,5.182094,0.4555687
monash_covid_deaths,0.004166667,0.039766137,9.543872
monash_covid_deaths,0.021875,0.24256347,11.088616
monash_covid_deaths,0.03125,0.0021384556,0.06843058
monash_covid_deaths,0.025,0.22885847,9.154339
monash_covid_deaths,0.039583333,0.0,0.0
monash_covid_deaths,268.8,109.07363,0.4057799
monash_covid_deaths,2.37138e-08,0.06412521,2704130.5
monash_covid_deaths,0.21640626,0.03647942,0.16856916
monash_covid_deaths,2.37138e-08,0.22903232,9658187.0
monash_covid_deaths,0.075,0.0,0.0
monash_covid_deaths,2.37138e-08,0.453764,19135018.0
monash_covid_deaths,2.37138e-08,0.031476177,1327335.9
monash_covid_deaths,0.004036458,0.0,0.0
monash_covid_deaths,10.816667,6.416588,0.5932131
monash_covid_deaths,139.69583,33.13558,0.23719804
monash_covid_deaths,6.516667,7.316514,1.1227387
monash_covid_deaths,2.37138e-08,0.06341667,2674251.5
monash_covid_deaths,42.933334,40.825684,0.9509088
monash_covid_deaths,2.37138e-08,0.04679881,1973484.1
monash_covid_deaths,1138.6666,2265.2407,1.9893801
monash_covid_deaths,26.654167,2.5455282,0.09550207
monash_covid_deaths,14.958333,8.257567,0.55203795
monash_covid_deaths,37.033333,16.81599,0.45407715
monash_covid_deaths,2.37138e-08,0.43438426,18317784.0
monash_covid_deaths,13.45,7.728432,0.57460463
monash_covid_deaths,2.37138e-08,0.0,0.0
monash_covid_deaths,0.10208333,0.10234604,1.0025735
monash_covid_deaths,2.3229167,1.2055624,0.51898646
monash_covid_deaths,55.166668,31.411068,0.56938493
monash_covid_deaths,2.37138e-08,0.0,0.0
monash_covid_deaths,3.0166667,2.2741315,0.75385576
monash_covid_deaths,2.37138e-08,0.04122696,1738521.9
monash_covid_deaths,45.533333,42.88422,0.9418204
monash_covid_deaths,853.3333,470.97977,0.5519294
monash_covid_deaths,101.333336,118.45959,1.1690091
monash_covid_deaths,1442.1333,1380.0763,0.9569686
monash_covid_deaths,3.7979167,0.766522,0.20182696
monash_covid_deaths,26.133333,13.820268,0.5288368
monash_covid_deaths,57.466667,47.851048,0.83267486
monash_covid_deaths,5.2625,3.2688394,0.62115717
monash_covid_deaths,40.2,7.6122665,0.18935986
monash_covid_deaths,0.05091146,0.2442989,4.7985053
monash_covid_deaths,0.075260416,0.048575066,0.6454265
monash_covid_deaths,26.225,11.266246,0.42959946
monash_covid_deaths,12.6,17.4039,1.3812618
monash_covid_deaths,3.3585937,0.10082493,0.030019984
monash_covid_deaths,0.08541667,0.93306375,10.923673
monash_covid_deaths,53.333332,54.49963,1.0218681
monash_covid_deaths,20.742708,0.06462889,0.0031157404
monash_covid_deaths,2.37138e-08,0.0,0.0
monash_covid_deaths,381.86667,530.257,1.388592
monash_covid_deaths,27.25,23.490065,0.86202073
monash_covid_deaths,92.666664,119.000786,1.2841811
monash_covid_deaths,894.93335,806.42487,0.90110046
monash_covid_deaths,4.7747636,0.046703298,0.00978128
monash_covid_deaths,477.33334,586.77124,1.2292694
monash_covid_deaths,28.466667,24.476372,0.8598257
monash_covid_deaths,1134.9333,1812.5905,1.5970898
monash_covid_deaths,2.37138e-08,0.0,0.0
monash_covid_deaths,4.459375,1.2907233,0.28944042
monash_covid_deaths,53.0,20.47697,0.38635793
monash_covid_deaths,13.916667,7.790238,0.55977756
monash_covid_deaths,48.741665,14.931287,0.30633518
monash_covid_deaths,1344.0,1733.0575,1.2894773
monash_covid_deaths,2.671875,1.6728755,0.6261055
monash_covid_deaths,432.0,305.03683,0.7061038
monash_covid_deaths,40.379166,21.15348,0.5238712
monash_covid_deaths,0.49583334,0.057660293,0.11628967
monash_covid_deaths,4.397917,1.9930727,0.45318565
monash_covid_deaths,8.4875,1.783941,0.2101845
monash_covid_deaths,2.37138e-08,0.06412521,2704130.5
monash_covid_deaths,2.37138e-08,0.66478515,28033682.0
monash_covid_deaths,0.109375,0.0669586,0.6121929
monash_covid_deaths,2.37138e-08,0.001612911,68015.71
monash_covid_deaths,0.13151042,0.0,0.0
monash_covid_deaths,2338.1333,3737.943,1.5986869
monash_covid_deaths,62.8,30.86661,0.49150652
monash_covid_deaths,0.30188802,0.0,0.0
monash_covid_deaths,19.220833,2.6024866,0.13539927
dominick,0.05341339,0.19331804,3.6192803
dominick,2.2961426,0.0,0.0
dominick,49.636536,25.179195,0.5072714
dominick,6.3623047,7.0415564,1.1067619
dominick,41.947266,27.9385,0.66603863
dominick,0.54681396,0.0,0.0
dominick,12.328125,6.7106447,0.5443362
dominick,7.9902344,0.3663329,0.045847576
dominick,0.5793457,0.0,0.0
dominick,0.5158844,0.0,0.0
dominick,16.203125,12.000536,0.740631
dominick,1.28125,0.0,0.0
dominick,33.484848,30.877825,0.9221432
dominick,41.87036,3.2851176,0.07845926
dominick,0.53125,0.72261524,1.360217
dominick,16.640625,15.526167,0.93302786
dominick,0.22729492,0.0,0.0
dominick,15.2265625,11.241772,0.7383
dominick,13.330078,0.0,0.0
dominick,16.085938,0.33860898,0.02105
dominick,3.0166016,0.0,0.0
dominick,16.5,9.46078,0.5733806
dominick,1.236206,0.0,0.0
dominick,35.41046,34.459564,0.97314644
dominick,52.305756,50.909794,0.9733115
dominick,0.7548046,6.5957494,8.738354
dominick,1.84375,1.2709999,0.6893559
dominick,9.773193,0.0,0.0
dominick,0.17938232,0.0,0.0
dominick,28.200195,34.948017,1.2392828
dominick,7.53125,11.205093,1.4878132
dominick,0.73553467,0.0,0.0
dominick,26.390625,24.79711,0.9396181
dominick,7.1000977,14.821974,2.0875733
dominick,26.829102,28.817549,1.0741153
dominick,46.574326,18.722908,0.40200064
dominick,4.40625,9.226233,2.0938966
dominick,24.382812,17.582687,0.72110987
dominick,0.45794678,0.0,0.0
dominick,0.28625488,0.0,0.0
dominick,35.670776,31.931149,0.8951627
dominick,0.3154297,0.0,0.0
dominick,16.546875,13.562324,0.8196305
dominick,33.36621,38.59089,1.1565859
dominick,3.828125,3.5899663,0.9377871
dominick,0.51174927,3.5078025,6.8545337
dominick,17.789062,3.4791582,0.1955785
dominick,17.543945,7.6624584,0.436758
dominick,4.3549805,0.0,0.0
dominick,0.5112152,0.0022326605,0.0043673594
dominick,8.1015625,5.0703225,0.625845
dominick,13.237671,0.0,0.0
dominick,6.359375,4.692995,0.7379648
dominick,26.723022,24.14295,0.9034513
dominick,12.0,5.5806227,0.4650519
dominick,0.14089966,0.0,0.0
dominick,0.16625977,0.0,0.0
dominick,13.140625,8.681206,0.66063875
dominick,0.16195679,0.0,0.0
dominick,33.640137,34.940617,1.0386586
dominick,1.2233887,0.0,0.0
dominick,32.433044,24.865341,0.7666669
dominick,0.37350464,0.0,0.0
dominick,7.59375,0.48791242,0.06425184
dominick,3.6241455,1.3013049,0.35906532
dominick,0.16696167,0.0,0.0
dominick,0.17327881,0.0,0.0
dominick,60.7135,52.91742,0.8715923
dominick,10.7890625,2.3255098,0.21554327
dominick,0.32028198,0.0,0.0
dominick,22.064453,7.1046734,0.32199636
dominick,16.93872,0.33419895,0.01972988
dominick,0.47277832,0.0,0.0
dominick,30.601562,34.271843,1.1199377
dominick,0.66174316,0.0,0.0
dominick,13.828125,3.1190295,0.22555694
dominick,12.147217,1.9965106,0.16435951
dominick,4.1606445,0.5727629,0.13766207
dominick,38.338867,37.0383,0.966077
dominick,5.90625,2.718586,0.4602897
dominick,19.34375,10.070859,0.520626
dominick,28.725342,26.70892,0.9298034
dominick,28.891113,7.2797728,0.25197273
dominick,0.76916504,0.0,0.0
dominick,0.49438477,0.0,0.0
dominick,5.796875,4.4561768,0.7687205
dominick,30.220947,15.346201,0.5078001
dominick,8.351379,0.0,0.0
dominick,0.319458,0.0,0.0
dominick,2.9160156,4.3130364,1.4790854
dominick,34.890625,12.65602,0.3627341
dominick,0.22961426,0.0,0.0
dominick,50.14673,42.728325,0.85206604
dominick,0.29730225,5.0929775,17.13064
dominick,0.111709595,0.0,0.0
dominick,45.82422,47.729424,1.0415764
dominick,43.751953,42.46206,0.970518
dominick,7.2471313,4.102155,0.5660385
dominick,0.20043945,0.0,0.0
dominick,2.78125,3.1799474,1.1433519
ercot,1312.0,613.96643,0.4679622
ercot,210.33333,133.65077,0.63542366
ercot,192.0,162.30815,0.845355
ercot,98.5,44.712128,0.45393023
ercot,1858.6666,1165.0063,0.62679684
ercot,234.0,199.80792,0.85388
ercot,910.6667,644.57275,0.70780313
ercot,124.666664,106.74091,0.85621053
exchange_rate,0.033984374,0.026916739,0.7920328
exchange_rate,0.055989582,0.059050523,1.0546699
exchange_rate,0.029296875,0.021510491,0.73422474
exchange_rate,0.037239585,0.03248959,0.8724477
exchange_rate,0.0024088542,0.0021801617,0.90506166
exchange_rate,0.0005106608,0.0006522223,1.2772124
exchange_rate,0.03294271,0.027714832,0.841304
exchange_rate,0.020052083,0.019717144,0.9832966
monash_fred_md,581.3333,267.0363,0.45935142
monash_fred_md,480.0,246.73193,0.51402485
monash_fred_md,3.2916667,0.7547391,0.22928782
monash_fred_md,21333.334,8605.503,0.40338293
monash_fred_md,4.1666665,4.093554,0.982453
monash_fred_md,3.2916667,2.8993542,0.88081646
monash_fred_md,3.4583333,2.9625003,0.85662663
monash_fred_md,3.7083333,4.0709305,1.097779
monash_fred_md,10.208333,6.624429,0.6489237
monash_fred_md,3.7083333,3.1701813,0.85488033
monash_fred_md,5.375,6.3208547,1.1759729
monash_fred_md,8.041667,3.3807259,0.42040113
monash_fred_md,5.5833335,5.53007,0.9904602
monash_fred_md,6.4166665,5.603969,0.87334585
monash_fred_md,3.9583333,3.36921,0.8511689
monash_fred_md,6.125,5.4943748,0.8970408
monash_fred_md,2.6666667,2.741515,1.0280681
monash_fred_md,2218.6667,335.66147,0.15128972
monash_fred_md,2560.0,2387.0715,0.9324498
monash_fred_md,0.6953125,0.48466447,0.6970455
monash_fred_md,5.3958335,5.8407474,1.082455
monash_fred_md,372.66666,364.10315,0.977021
monash_fred_md,426.66666,234.69554,0.55006766
monash_fred_md,861.3333,417.41666,0.48461688
monash_fred_md,345.66666,186.3084,0.5389828
monash_fred_md,701.3333,349.78012,0.49873593
monash_fred_md,42325.332,29178.225,0.6893797
monash_fred_md,3072.0,1414.1342,0.46033013
monash_fred_md,341.33334,736.22284,2.1569028
monash_fred_md,232.0,198.08781,0.85382676
monash_fred_md,165.33333,369.23038,2.2332482
monash_fred_md,146.66667,451.42685,3.0779102
monash_fred_md,77.333336,72.5686,0.9383871
monash_fred_md,2816.0,1408.4199,0.50014913
monash_fred_md,554.6667,178.66081,0.3221048
monash_fred_md,181.33333,71.161705,0.39243588
monash_fred_md,266.66666,182.67595,0.6850348
monash_fred_md,208.0,82.59985,0.3971147
monash_fred_md,234.66667,168.99626,0.7201545
monash_fred_md,0.625,0.69050217,1.1048034
monash_fred_md,0.421875,0.56844056,1.3474146
monash_fred_md,0.6458333,0.74932927,1.1602519
monash_fred_md,312.0,253.12474,0.81129724
monash_fred_md,85.166664,64.51763,0.7575456
monash_fred_md,190.66667,137.32092,0.7202146
monash_fred_md,151.08333,99.71468,0.65999794
monash_fred_md,29098.666,22999.564,0.79039925
monash_fred_md,77824.0,49127.105,0.6312591
monash_fred_md,288.0,90.424644,0.31397447
monash_fred_md,794.6667,116.899086,0.14710455
monash_fred_md,240.0,116.50948,0.48545617
monash_fred_md,512.0,422.76917,0.825721
monash_fred_md,697.0,225.83553,0.3240108
monash_fred_md,642730.7,224345.38,0.34905034
monash_fred_md,172.0,120.30023,0.69942
monash_fred_md,234.66667,30.751465,0.13104317
monash_fred_md,413.33334,311.12125,0.75271267
monash_fred_md,0.89713544,1.5480715,1.7255716
monash_fred_md,1.1790365,0.8680933,0.73627347
monash_fred_md,0.93619794,0.792602,0.846618
monash_fred_md,0.9967448,1.6274923,1.6328074
monash_fred_md,1.1621094,1.526327,1.3134108
monash_fred_md,1.0429688,0.9268748,0.888689
monash_fred_md,1.0013021,1.0402068,1.0388541
monash_fred_md,0.765625,0.74355286,0.9711711
monash_fred_md,0.9192708,0.6914721,0.7521963
monash_fred_md,0.40492758,0.34247968,0.8457801
monash_fred_md,0.38485208,0.19189657,0.49862424
monash_fred_md,0.5458476,0.3243288,0.5941747
monash_fred_md,0.7145386,0.36245263,0.5072541
monash_fred_md,0.7516276,0.9059842,1.2053632
monash_fred_md,1.4485677,1.1461323,0.7912176
monash_fred_md,1.3964844,1.4820176,1.061249
monash_fred_md,0.091796875,0.08872894,0.96657914
monash_fred_md,16.125,17.244118,1.0694027
monash_fred_md,0.20572917,0.17682238,0.85949105
monash_fred_md,0.16796875,0.09239191,0.55005413
monash_fred_md,7.9166665,4.916101,0.6209812
monash_fred_md,10.833333,6.876513,0.6347551
monash_fred_md,12.416667,7.9407525,0.6395237
monash_fred_md,42.083332,37.94443,0.9016499
monash_fred_md,36.541668,17.239216,0.4717687
monash_fred_md,50.083332,56.201275,1.1221553
monash_fred_md,5.1666665,0.89165115,0.17257765
monash_fred_md,4.875,3.8561287,0.7910008
monash_fred_md,12.5,1.5512848,0.124102786
monash_fred_md,7.5,3.6759999,0.49013332
monash_fred_md,2.1666667,1.7194036,0.7935709
monash_fred_md,6.1666665,1.1590551,0.18795489
monash_fred_md,6.0833335,1.3852144,0.22770648
monash_fred_md,6.5,1.5243582,0.23451664
monash_fred_md,6.0,1.7906431,0.29844052
monash_fred_md,2.5416667,0.36411667,0.14325902
monash_fred_md,1.75,1.5621592,0.8926624
monash_fred_md,4.1666665,1.9410229,0.4658455
monash_fred_md,2.7083333,0.38321114,0.14149335
monash_fred_md,0.5729167,0.10895077,0.19016862
monash_fred_md,0.7916667,0.14373589,0.18156111
monash_fred_md,0.47916666,0.07426485,0.15498751
monash_fred_md,210.66667,152.84114,0.7255117
monash_hospital,17.039062,17.219421,1.0105851
monash_hospital,17.90625,12.872617,0.7188896
monash_hospital,11.2682295,8.136371,0.72206295
monash_hospital,427.33334,404.60068,0.94680345
monash_hospital,9.2109375,9.711824,1.0543796
monash_hospital,18.567709,13.437951,0.7237269
monash_hospital,85.333336,86.17921,1.0099125
monash_hospital,22.25,17.688314,0.7949804
monash_hospital,11.0703125,9.285218,0.8387494
monash_hospital,15.4869795,13.126018,0.8475518
monash_hospital,13.1875,11.373282,0.862429
monash_hospital,14.2682295,13.76453,0.96469784
monash_hospital,17.416666,16.483486,0.9464203
monash_hospital,10.6328125,8.83598,0.83101064
monash_hospital,29.125,26.29634,0.90287864
monash_hospital,32.354168,20.22452,0.6250978
monash_hospital,19.916666,16.801844,0.84360725
monash_hospital,520.0,326.29602,0.62749237
monash_hospital,13.96875,13.857388,0.99202776
monash_hospital,14.927083,14.095103,0.94426376
monash_hospital,15.3125,11.501058,0.75108945
monash_hospital,284.0,250.076,0.8805493
monash_hospital,67.916664,50.263905,0.7400821
monash_hospital,31.739584,16.3203,0.51419383
monash_hospital,11.837891,6.1730943,0.5214691
monash_hospital,26.010416,16.317654,0.62735075
monash_hospital,8.692708,8.595828,0.988855
monash_hospital,32.395832,21.929085,0.6769107
monash_hospital,97.833336,94.80612,0.96905744
monash_hospital,27.729166,20.07213,0.7238635
monash_hospital,22.90625,17.962593,0.7841787
monash_hospital,13.640625,9.299137,0.68172365
monash_hospital,28.875,22.446474,0.77736706
monash_hospital,18.78125,14.72532,0.78404367
monash_hospital,30.770834,18.617334,0.60503185
monash_hospital,13.854167,13.297191,0.9597972
monash_hospital,29.645834,18.576897,0.62662756
monash_hospital,11.322917,11.359834,1.0032604
monash_hospital,14.791667,15.018726,1.0153505
monash_hospital,14.895833,13.550048,0.9096536
monash_hospital,14.302083,13.0661745,0.9135854
monash_hospital,77.333336,52.564953,0.6797192
monash_hospital,8.7057295,8.076192,0.927687
monash_hospital,69.166664,55.683624,0.8050645
monash_hospital,10.322917,10.190276,0.98715085
monash_hospital,16.333334,13.953171,0.8542757
monash_hospital,19.322916,15.99023,0.82752675
monash_hospital,402.66666,285.61667,0.7093129
monash_hospital,109.416664,51.83725,0.4737601
monash_hospital,20.28125,13.415067,0.6614517
monash_hospital,12.1276045,10.081842,0.8313136
monash_hospital,16.020834,13.30592,0.8305385
monash_hospital,112.5,63.880848,0.5678298
monash_hospital,28.4375,22.263428,0.7828898
monash_hospital,18.927084,15.155576,0.8007349
monash_hospital,75.666664,70.525856,0.9320598
monash_hospital,11.270833,9.65786,0.8568896
monash_hospital,63.166668,53.100445,0.84064025
monash_hospital,17.5,16.098803,0.9199316
monash_hospital,19.5625,18.956116,0.9690027
monash_hospital,175.83333,149.08366,0.8478692
monash_hospital,33.46875,26.99497,0.80657244
monash_hospital,18.03125,15.999932,0.8873446
monash_hospital,102.5,103.62275,1.0109537
monash_hospital,9.65625,9.281842,0.9612264
monash_hospital,47.583332,49.438473,1.0389872
monash_hospital,10.2682295,8.658187,0.8432015
monash_hospital,161.66667,115.80505,0.7163199
monash_hospital,30.166666,20.54999,0.68121517
monash_hospital,20.838541,17.030575,0.8172633
monash_hospital,18.520834,17.477795,0.9436829
monash_hospital,20.479166,18.73598,0.91488
monash_hospital,118.0,131.34813,1.1131197
monash_hospital,23.229166,19.938251,0.85832834
monash_hospital,72.666664,34.599644,0.4761419
monash_hospital,36.958332,19.99012,0.54088265
monash_hospital,11.2265625,11.772857,1.0486609
monash_hospital,11.432292,9.921179,0.8678206
monash_hospital,27.229166,20.597532,0.7564511
monash_hospital,26.875,22.910795,0.8524947
monash_hospital,23.138021,19.376295,0.8374223
monash_hospital,174.66667,95.91396,0.54912573
monash_hospital,47.541668,27.810852,0.58497846
monash_hospital,19.40625,21.325403,1.0988935
monash_hospital,8.8411455,7.490314,0.8472108
monash_hospital,36.916668,26.783104,0.72550166
monash_hospital,15.7994795,15.127964,0.9574976
monash_hospital,32.770832,25.551535,0.77970356
monash_hospital,49.916668,20.816092,0.41701683
monash_hospital,50.916668,46.165752,0.9066923
monash_hospital,41.833332,34.724167,0.83005977
monash_hospital,326.66666,294.5705,0.90174645
monash_hospital,26.760416,22.85923,0.85421807
monash_hospital,39.583332,29.25512,0.73907673
monash_hospital,121.333336,147.80537,1.2181761
monash_hospital,49.375,30.959356,0.62702495
monash_hospital,32.416668,24.829504,0.76594865
monash_hospital,44.166668,31.240469,0.70733136
monash_hospital,243.33333,243.50307,1.0006976
monash_hospital,32.8125,25.236689,0.76911813
monash_m1_monthly,1505507.5,521624.88,0.34647778
monash_m1_monthly,88751.11,42511.82,0.47900045
monash_m1_monthly,12.743055,5.8846803,0.4617951
monash_m1_monthly,5305.778,2351.0505,0.4431114
monash_m1_monthly,1085.1111,262.21707,0.24164999
monash_m1_monthly,1861.7778,889.7618,0.47790974
monash_m1_monthly,315.1111,246.22195,0.78138137
monash_m1_monthly,3843.5557,2511.1592,0.6533427
monash_m1_monthly,11605.333,10081.705,0.86871314
monash_m1_monthly,311.58334,234.9247,0.7539707
monash_m1_monthly,260.1111,378.38104,1.45469
monash_m1_monthly,1254.2222,1718.0056,1.3697778
monash_m1_monthly,42.27778,38.547382,0.9117646
monash_m1_monthly,2008.8889,3055.894,1.5211862
monash_m1_monthly,766.6667,770.20184,1.004611
monash_m1_monthly,165.55556,176.60141,1.0667199
monash_m1_monthly,213.0,200.6109,0.9418352
monash_m1_monthly,62.555557,83.81888,1.339911
monash_m1_monthly,7232.0,5022.291,0.69445395
monash_m1_monthly,490.8889,280.52353,0.57146037
monash_m1_monthly,2657.7778,1802.8403,0.6783262
monash_m1_monthly,1414.2222,707.53656,0.5003009
monash_m1_monthly,25674.666,11933.364,0.46479142
monash_m1_monthly,313.77777,415.04562,1.3227375
monash_m1_monthly,154.11111,59.71807,0.38750008
monash_m1_monthly,31.0,27.147495,0.8757256
monash_m1_monthly,24.833334,29.826792,1.2010789
monash_m1_monthly,1125.3334,672.9094,0.5979645
monash_m1_monthly,1581.3334,829.2019,0.5243688
monash_m1_monthly,33248.0,17311.76,0.52068573
monash_m1_monthly,11406.223,17421.387,1.527358
monash_m1_monthly,972.0,914.579,0.9409249
monash_m1_monthly,713.3333,596.9297,0.8368173
monash_m1_monthly,364.44446,317.46024,0.87107986
monash_m1_monthly,30.694445,27.314837,0.88989514
monash_m1_monthly,1.859375,0.85086966,0.45761058
monash_m1_monthly,146.0,106.02453,0.7261954
monash_m1_monthly,11050.667,12130.294,1.0976979
monash_m1_monthly,8379.083,5253.9795,0.62703514
monash_m1_monthly,103.111115,107.38802,1.0414786
monash_m1_monthly,4051.5557,3343.9014,0.82533765
monash_m1_monthly,83669.336,35503.227,0.42432782
monash_m1_monthly,59.61111,63.500504,1.0652461
monash_m1_monthly,1.3318143,0.7541488,0.5662567
monash_m1_monthly,2.2873263,1.4903564,0.6515714
monash_m1_monthly,16.777779,14.250194,0.84934926
monash_m1_monthly,1.1458334,1.1603985,1.0127114
monash_m1_monthly,28.833334,27.648232,0.9588982
monash_m1_monthly,16.98611,14.9278345,0.8788259
monash_m1_monthly,62.11111,66.07741,1.0638582
monash_m1_monthly,628.44446,430.28207,0.68467796
monash_m1_monthly,80.888885,97.39811,1.2040975
monash_m1_monthly,5.826389,3.1306944,0.53733015
monash_m1_monthly,5.0086803,3.2387846,0.6466343
monash_m1_monthly,3390.2222,1884.2274,0.55578285
monash_m1_monthly,6.357639,3.9311154,0.61832947
monash_m1_monthly,42.569443,26.167376,0.6146986
monash_m1_monthly,1183.1111,686.647,0.58037406
monash_m1_monthly,108.388885,65.8476,0.6075125
monash_m1_monthly,3896.889,2458.898,0.63099
monash_m1_monthly,109.333336,102.652374,0.9388936
monash_m1_monthly,14805.333,16549.309,1.1177938
monash_m1_monthly,1349.3334,732.432,0.54281026
monash_m1_monthly,19.38889,21.324404,1.099826
monash_m1_monthly,24.88889,29.789177,1.1968865
monash_m1_monthly,10.333333,13.165065,1.2740386
monash_m1_monthly,52.77778,61.32408,1.16193
monash_m1_monthly,17.916666,15.685362,0.8754621
monash_m1_monthly,33.38889,24.770544,0.7418798
monash_m1_monthly,11.111111,12.321901,1.1089711
monash_m1_monthly,16.055555,13.090165,0.8153044
monash_m1_monthly,14.472222,15.790383,1.0910821
monash_m1_monthly,23.833334,41.28744,1.7323401
monash_m1_monthly,19939.555,14351.048,0.7197276
monash_m1_monthly,38.25,26.734184,0.69893295
monash_m1_monthly,493.77777,383.93408,0.77754426
monash_m1_monthly,22.11111,14.358897,0.6493974
monash_m1_monthly,33.77778,33.38883,0.98848504
monash_m1_monthly,1.1743232,0.7935689,0.67576706
monash_m1_monthly,42.63889,37.14935,0.8712551
monash_m1_monthly,19.75,23.846403,1.2074128
monash_m1_monthly,35.166668,35.107346,0.9983131
monash_m1_monthly,36.083332,30.827097,0.85433066
monash_m1_monthly,1.3862847,1.104888,0.79701376
monash_m1_monthly,13.055555,12.350152,0.9459691
monash_m1_monthly,4.045356,1.4003013,0.34615034
monash_m1_monthly,32.86111,19.628706,0.59732324
monash_m1_monthly,442.22223,367.99847,0.8321573
monash_m1_monthly,3.7013888,5.853201,1.5813526
monash_m1_monthly,26.45139,7.6620483,0.28966525
monash_m1_monthly,0.29474556,0.3168923,1.0751384
monash_m1_monthly,3806.2222,2250.4697,0.59126073
monash_m1_monthly,5233.778,4972.479,0.95007455
monash_m1_monthly,2.8177083,1.6976373,0.6024887
monash_m1_monthly,4.1666665,4.408663,1.0580791
monash_m1_monthly,47.77778,30.702097,0.642602
monash_m1_monthly,87.44444,124.28488,1.4213011
monash_m1_monthly,304.0,164.06824,0.5396981
monash_m1_monthly,7701.3335,9562.8125,1.2417086
monash_m1_monthly,28.324654,20.797321,0.73424804
monash_m1_quarterly,2.9120293,0.78400004,0.26922807
monash_m1_quarterly,96.125,50.664272,0.5270665
monash_m1_quarterly,225280.0,168562.5,0.7482355
monash_m1_quarterly,40.023438,10.442177,0.26090154
monash_m1_quarterly,1947.0,818.3935,0.42033565
monash_m1_quarterly,78.3125,28.956726,0.36975867
monash_m1_quarterly,112.5,125.816505,1.118369
monash_m1_quarterly,34048.0,35539.312,1.0438004
monash_m1_quarterly,216832.0,155490.47,0.7171011
monash_m1_quarterly,25456.0,14919.217,0.5860786
monash_m1_quarterly,27456.0,20234.805,0.7369903
monash_m1_quarterly,186.125,81.03378,0.43537292
monash_m1_quarterly,684.0,384.31152,0.56185895
monash_m1_quarterly,149.0,78.92618,0.5297059
monash_m1_quarterly,76992.0,18383.27,0.23876856
monash_m1_quarterly,169.875,69.0896,0.40670845
monash_m1_quarterly,92032.0,33772.96,0.36696976
monash_m1_quarterly,1197.1562,390.38596,0.32609442
monash_m1_quarterly,120.875,60.380188,0.49952585
monash_m1_quarterly,8992.0,2814.2854,0.31297657
monash_m1_quarterly,15932.0,4872.2554,0.30581567
monash_m1_quarterly,341.0,364.76694,1.0696977
monash_m1_quarterly,40.59375,14.005683,0.34502068
monash_m1_quarterly,27.625,20.112835,0.72806644
monash_m1_quarterly,14.6875,23.83072,1.6225171
monash_m1_quarterly,11.8125,20.392403,1.726341
monash_m1_quarterly,47.1875,22.132895,0.46904147
monash_m1_quarterly,370.5,189.6345,0.511834
monash_m1_quarterly,1654.0,1238.8372,0.74899465
monash_m1_quarterly,33536.0,31151.742,0.92890453
monash_m1_quarterly,17.0,23.490873,1.381816
monash_m1_quarterly,1.46875,1.2137842,0.8264063
monash_m1_quarterly,24.625,16.694769,0.67796016
monash_m1_quarterly,41.875,34.22634,0.81734544
monash_m1_quarterly,27.59375,25.301224,0.91691864
monash_m1_quarterly,6.625,13.855917,2.0914593
monash_m1_quarterly,19.375,19.988289,1.0316536
monash_m1_quarterly,22.75,33.27442,1.4626119
monash_m1_quarterly,1528.0,1084.4282,0.70970434
monash_m1_quarterly,6720.0,7527.542,1.12017
monash_m1_quarterly,1304.0,1415.141,1.0852308
monash_m1_quarterly,4360.0,3592.942,0.82406926
monash_m1_quarterly,26.8125,24.500025,0.91375387
monash_m1_quarterly,1408.0,1652.4736,1.1736318
monash_m1_quarterly,3.921875,3.750726,0.9563604
monash_m1_quarterly,8.022461,2.6352923,0.32848927
monash_m1_quarterly,365.08594,76.220375,0.20877379
monash_m1_quarterly,24.46875,11.261253,0.46023002
monash_m1_quarterly,914.75,294.6693,0.32213098
monash_m1_quarterly,21.5625,16.1292,0.7480209
monash_m1_quarterly,3032.0,2704.148,0.89186937
monash_m1_quarterly,189.0,108.20932,0.5725361
monash_m1_quarterly,122.4375,48.03186,0.39229697
monash_m1_quarterly,2628.0,816.84717,0.31082463
monash_m1_quarterly,48.0,34.3536,0.7157
monash_m1_quarterly,70.0,74.66121,1.0665888
monash_m1_quarterly,4620.0,2338.7217,0.5062168
monash_m1_quarterly,26.5,40.469627,1.5271558
monash_m1_quarterly,8.25,11.748558,1.4240676
monash_m1_quarterly,48.0,34.125298,0.7109437
monash_m1_quarterly,63.5,62.836678,0.989554
monash_m1_quarterly,19.84375,9.17068,0.4621445
monash_m1_quarterly,13.9375,23.010468,1.6509752
monash_m1_quarterly,692.0,489.9502,0.7080205
monash_m1_quarterly,10.375,11.597463,1.1178278
monash_m1_quarterly,3136.0,2829.191,0.9021655
monash_m1_quarterly,1613.0,520.86694,0.32291812
monash_m1_quarterly,31.625,14.180355,0.44839066
monash_m1_quarterly,11.140625,8.725117,0.7831802
monash_m1_quarterly,15.9375,21.492722,1.348563
monash_m1_quarterly,5.0625,7.8804474,1.5566316
monash_m1_quarterly,26.375,23.383114,0.88656354
monash_m1_quarterly,31.6875,19.711983,0.6220744
monash_m1_quarterly,16.5,10.727294,0.65013903
monash_m1_quarterly,11.5625,7.083802,0.61265314
monash_m1_quarterly,1.0976562,1.0017046,0.91258496
monash_m1_quarterly,15.6875,20.145676,1.2841865
monash_m1_quarterly,261.75,196.65918,0.7513245
monash_m1_quarterly,111.0,73.289215,0.6602632
monash_m1_quarterly,47.5,32.967022,0.69404256
monash_m1_quarterly,15.5,13.56715,0.8753
monash_m1_quarterly,75.4375,59.783325,0.79248816
monash_m1_quarterly,155.0,117.281906,0.7566575
monash_m1_quarterly,4.4375,5.341956,1.2038211
monash_m1_quarterly,8.1875,10.443506,1.2755427
monash_m1_quarterly,146.75,134.87967,0.9191119
monash_m1_quarterly,35.15625,32.71723,0.9306235
monash_m1_quarterly,83.0625,70.37195,0.84721684
monash_m1_quarterly,1.2695312,0.71448684,0.56279576
monash_m1_quarterly,3.9345703,2.6892488,0.68349236
monash_m1_quarterly,0.08105469,0.076655254,0.94572264
monash_m1_quarterly,75.72266,28.677498,0.37871754
monash_m1_quarterly,8.6328125,5.652137,0.65472716
monash_m1_quarterly,5.625,5.8771296,1.044823
monash_m1_quarterly,74.6875,26.268822,0.35171643
monash_m1_quarterly,129.75,114.30815,0.8809877
monash_m1_quarterly,1.1875,1.1250372,0.94739974
monash_m1_quarterly,9.125,5.844864,0.64053303
monash_m1_quarterly,37.0625,20.742933,0.55967444
monash_m1_quarterly,3.8984375,2.5374124,0.6508793
monash_m1_yearly,367616.0,179334.8,0.48783186
monash_m1_yearly,292010.66,124385.02,0.42596057
monash_m1_yearly,253098.67,83799.87,0.33109564
monash_m1_yearly,7658.6665,3959.0898,0.51694244
monash_m1_yearly,344405.34,206179.75,0.5986543
monash_m1_yearly,22.875,12.604135,0.5510004
monash_m1_yearly,2549.3333,2258.962,0.8860991
monash_m1_yearly,19370.666,10032.171,0.5179053
monash_m1_yearly,413.33334,357.44083,0.8647762
monash_m1_yearly,68309.336,23195.357,0.3395635
monash_m1_yearly,2357.3333,1878.1387,0.79672176
monash_m1_yearly,21.479166,13.704406,0.6380325
monash_m1_yearly,0.1015625,0.23843996,2.3477166
monash_m1_yearly,81.09375,38.437992,0.4739945
monash_m1_yearly,9164117.0,4743785.0,0.5176478
monash_m1_yearly,2921.3333,814.168,0.27869743
monash_m1_yearly,261.33334,194.89836,0.7457845
monash_m1_yearly,43.833332,30.592745,0.6979334
monash_m1_yearly,1520.0,1816.772,1.1952447
monash_m1_yearly,2144.0,1426.3468,0.66527367
monash_m1_yearly,48.875,27.417364,0.5609691
monash_m1_yearly,4021.3333,3669.083,0.9124046
monash_m1_yearly,8789.333,4995.906,0.56840557
monash_m1_yearly,242.66667,102.70361,0.42322916
monash_m1_yearly,2474.6667,2023.1582,0.81754774
monash_m1_yearly,23189.334,12256.628,0.5285459
monash_m1_yearly,608085.3,255514.36,0.42019492
monash_m1_yearly,3925.3333,3300.8337,0.84090537
monash_m1_yearly,601.3333,94.17965,0.15661804
monash_m1_yearly,80725.336,55411.676,0.68642235
monash_m1_yearly,35893.332,14946.274,0.4164081
monash_m1_yearly,4138.6665,4023.6438,0.9722078
monash_m1_yearly,26176.0,9267.536,0.35404706
monash_m1_yearly,2970.6667,636.1055,0.21412888
monash_m1_yearly,825.6667,201.55751,0.24411486
monash_m1_yearly,9284267.0,5513871.5,0.5938941
monash_m1_yearly,126.833336,92.05303,0.7257795
monash_m1_yearly,419.33334,198.17195,0.47258812
monash_m1_yearly,6480.3335,386.8981,0.059703425
monash_m1_yearly,2293.3333,243.976,0.10638489
monash_m1_yearly,88.25,48.49509,0.5495194
monash_m1_yearly,36.833332,33.858498,0.9192353
monash_m1_yearly,4.4895835,3.5260823,0.78539187
monash_m1_yearly,1826.6666,959.53143,0.52529097
monash_m1_yearly,39424.0,22870.021,0.58010405
monash_m1_yearly,60.239582,18.10535,0.3005557
monash_m1_yearly,3462.6667,1321.269,0.38157558
monash_m1_yearly,66.916664,38.363445,0.5733018
monash_m1_yearly,4.0,2.10281,0.5257025
monash_m1_yearly,4.1822915,2.157459,0.5158557
monash_m1_yearly,1.8463541,0.8965338,0.4855698
monash_m1_yearly,83.833336,66.99032,0.79908925
monash_m1_yearly,42.5,26.678125,0.6277206
monash_m1_yearly,20.333334,46.083828,2.2664177
monash_m1_yearly,33.583332,18.808805,0.5600637
monash_m1_yearly,42.5,25.816711,0.60745203
monash_m1_yearly,46.25,25.016014,0.5408868
monash_m1_yearly,80170.664,27789.88,0.34663403
monash_m1_yearly,13258.583,3545.129,0.2673837
monash_m1_yearly,137216.0,148289.39,1.0807004
monash_m1_yearly,409.33334,182.95287,0.44695324
monash_m1_yearly,294.0,250.20306,0.8510308
monash_m1_yearly,1.84375,1.588384,0.86149645
monash_m1_yearly,29.333334,43.163662,1.4714885
monash_m1_yearly,7.5416665,5.865045,0.7776855
monash_m1_yearly,2.1875,2.1171067,0.96782017
monash_m1_yearly,1.7083334,2.1957073,1.285292
monash_m1_yearly,1.4583334,1.396259,0.95743465
monash_m1_yearly,15.583333,9.996334,0.641476
monash_m1_yearly,15.291667,8.133803,0.53191084
monash_m1_yearly,7.7395835,3.8049414,0.49162096
monash_m1_yearly,13.708333,12.258504,0.8942374
monash_m1_yearly,24.75,16.528448,0.6678161
monash_m1_yearly,8000.0,9615.918,1.2019898
monash_m1_yearly,20416.0,10903.402,0.5340616
monash_m1_yearly,22101.334,20534.14,0.92909056
monash_m1_yearly,17258.666,9239.64,0.5353623
monash_m1_yearly,11294037.0,5725514.0,0.5069502
monash_m1_yearly,1525.3334,753.4982,0.4939892
monash_m1_yearly,825.3333,811.6812,0.9834587
monash_m1_yearly,973.3333,613.1681,0.6299672
monash_m1_yearly,638.6667,224.09904,0.35088575
monash_m1_yearly,1006.6667,855.0947,0.8494318
monash_m1_yearly,576.0,339.9698,0.59022534
monash_m1_yearly,384.0,215.82227,0.56203717
monash_m1_yearly,1212.0,505.1039,0.4167524
monash_m1_yearly,109.0,88.61259,0.8129595
monash_m1_yearly,213.33333,153.16963,0.71798265
monash_m1_yearly,95.333336,76.13803,0.7986507
monash_m1_yearly,2360.0,1338.9161,0.56733733
monash_m1_yearly,2.1666667,2.297753,1.0605013
monash_m1_yearly,2.3125,2.5252736,1.0920101
monash_m1_yearly,58368.0,63115.55,1.0813383
monash_m1_yearly,214357.33,274662.1,1.2813282
monash_m1_yearly,386.0,204.86444,0.5307369
monash_m1_yearly,118.666664,120.43927,1.0149376
monash_m1_yearly,44714.668,56874.137,1.2719346
monash_m1_yearly,53589.332,36500.812,0.6811209
monash_m1_yearly,965.3333,1538.7716,1.5940315
monash_m1_yearly,768.6667,360.63437,0.46916872
monash_m3_monthly,4829.778,2717.4912,0.5626535
monash_m3_monthly,2523.889,527.5741,0.20903222
monash_m3_monthly,7637.3335,2908.6067,0.3808406
monash_m3_monthly,5319.1113,1915.2192,0.36006376
monash_m3_monthly,2979.111,1802.6562,0.6050987
monash_m3_monthly,3948.4443,1550.745,0.39274836
monash_m3_monthly,7774.222,3663.7122,0.47126415
monash_m3_monthly,1343.1111,1002.255,0.746219
monash_m3_monthly,2526.2222,1688.024,0.66820097
monash_m3_monthly,1929.7778,1224.2365,0.63439244
monash_m3_monthly,1194.6666,782.58026,0.6550616
monash_m3_monthly,4133.3335,1992.1406,0.48196948
monash_m3_monthly,2770.6667,1417.8499,0.511736
monash_m3_monthly,2305.7778,863.64124,0.37455526
monash_m3_monthly,3601.5693,1347.1664,0.3740498
monash_m3_monthly,2096.0,1170.4022,0.558398
monash_m3_monthly,5378.222,4250.8325,0.79037875
monash_m3_monthly,3011.5557,1196.458,0.39728904
monash_m3_monthly,4224.4443,2342.336,0.55447197
monash_m3_monthly,2141.7778,757.9382,0.35388273
monash_m3_monthly,1310.5555,529.4,0.40395084
monash_m3_monthly,1288.2222,873.40765,0.6779946
monash_m3_monthly,658.6667,551.36084,0.83708626
monash_m3_monthly,1542.0,849.57196,0.5509546
monash_m3_monthly,3933.7778,1616.0381,0.4108107
monash_m3_monthly,956.44446,697.8712,0.7296516
monash_m3_monthly,372.44446,357.4115,0.95963705
monash_m3_monthly,6548.4443,1437.6359,0.21953854
monash_m3_monthly,3259.5557,1159.6636,0.3557735
monash_m3_monthly,4029.3333,1032.0085,0.2561239
monash_m3_monthly,5148.4443,1232.2698,0.23934798
monash_m3_monthly,320.0,404.1777,1.2630553
monash_m3_monthly,778.6667,483.9209,0.6214737
monash_m3_monthly,448.8889,458.5523,1.0215274
monash_m3_monthly,1171.5555,1170.9474,0.9994809
monash_m3_monthly,541.3333,529.8554,0.97879696
monash_m3_monthly,1907.5555,1365.2484,0.7157057
monash_m3_monthly,1107.5555,780.52313,0.7047259
monash_m3_monthly,2725.3333,1140.5093,0.41848433
monash_m3_monthly,2014.2222,1828.6172,0.90785277
monash_m3_monthly,2096.0,1750.9385,0.83537143
monash_m3_monthly,2149.0557,1288.9451,0.59977275
monash_m3_monthly,2417.7778,2126.7222,0.8796185
monash_m3_monthly,453.33334,437.38516,0.9648202
monash_m3_monthly,2503.111,1541.3224,0.61576265
monash_m3_monthly,608.0,509.39893,0.8378272
monash_m3_monthly,299.55554,335.03186,1.1184299
monash_m3_monthly,1040.0,672.2919,0.6464345
monash_m3_monthly,2153.111,755.5723,0.3509212
monash_m3_monthly,3221.3333,1745.3235,0.5418016
monash_m3_monthly,2814.2222,1852.2335,0.6581689
monash_m3_monthly,3532.889,1143.9774,0.32380792
monash_m3_monthly,1721.7778,3585.1082,2.082213
monash_m3_monthly,1354.6666,1112.8711,0.8215092
monash_m3_monthly,1401.7778,777.06714,0.554344
monash_m3_monthly,2087.5557,1478.3273,0.70816183
monash_m3_monthly,545.7778,521.7483,0.955972
monash_m3_monthly,158.22223,280.13196,1.7704968
monash_m3_monthly,272.0,294.0277,1.0809842
monash_m3_monthly,472.8889,644.53705,1.3629777
monash_m3_monthly,1376.0,1214.0662,0.8823155
monash_m3_monthly,734.2222,1032.3711,1.4060744
monash_m3_monthly,188.44444,338.397,1.7957388
monash_m3_monthly,284.44446,285.6327,1.0041773
monash_m3_monthly,341.33334,414.11633,1.2132314
monash_m3_monthly,609.7778,513.0498,0.8413718
monash_m3_monthly,165.33333,298.807,1.8073004
monash_m3_monthly,1873.7778,1721.8538,0.918921
monash_m3_monthly,506.66666,648.91547,1.2807542
monash_m3_monthly,588.44446,489.57248,0.83197737
monash_m3_monthly,881.7778,1436.599,1.6292075
monash_m3_monthly,561.7778,459.95084,0.8187416
monash_m3_monthly,1305.7778,1307.0862,1.001002
monash_m3_monthly,2181.3333,1484.9141,0.6807369
monash_m3_monthly,510.22223,565.51544,1.1083709
monash_m3_monthly,1050.6666,787.1754,0.7492152
monash_m3_monthly,3123.5557,1355.1111,0.43383607
monash_m3_monthly,487.1111,938.177,1.926002
monash_m3_monthly,585.7778,808.4466,1.380125
monash_m3_monthly,3339.111,2342.7273,0.7016021
monash_m3_monthly,348.44446,485.57336,1.393546
monash_m3_monthly,1283.5555,1050.8698,0.8187178
monash_m3_monthly,718.2222,678.2998,0.9444149
monash_m3_monthly,10528.0,2576.7646,0.24475348
monash_m3_monthly,2416.0,2227.9182,0.92215157
monash_m3_monthly,1948.4445,1220.651,0.6264746
monash_m3_monthly,1783.1111,1286.3765,0.7214225
monash_m3_monthly,2979.5557,2133.917,0.71618634
monash_m3_monthly,136.88889,147.32468,1.0762355
monash_m3_monthly,428.44446,519.3282,1.2121248
monash_m3_monthly,177.77777,454.4744,2.5564187
monash_m3_monthly,213.33333,337.84402,1.5836439
monash_m3_monthly,81.77778,139.04405,1.700267
monash_m3_monthly,1808.0,1718.8309,0.95068085
monash_m3_monthly,2128.0,1797.985,0.8449178
monash_m3_monthly,984.0,1479.7909,1.5038525
monash_m3_monthly,2144.4443,1553.5376,0.7244476
monash_m3_monthly,2272.0,1578.7053,0.6948527
monash_m3_monthly,446.22223,378.6359,0.8485366
monash_m3_monthly,149.55556,290.64258,1.9433753
monash_m3_quarterly,884.0,390.0251,0.44120485
monash_m3_quarterly,1828.0,1427.777,0.7810596
monash_m3_quarterly,1340.0,980.24634,0.7315271
monash_m3_quarterly,2444.0,1097.4846,0.44905263
monash_m3_quarterly,4928.0,1680.9049,0.3410927
monash_m3_quarterly,920.0,793.40857,0.8624006
monash_m3_quarterly,1380.0,1635.1151,1.1848661
monash_m3_quarterly,1282.0,661.34406,0.515869
monash_m3_quarterly,724.0,1034.6703,1.4291027
monash_m3_quarterly,548.0,555.9471,1.0145019
monash_m3_quarterly,2036.0,1375.7827,0.67572826
monash_m3_quarterly,3536.0,1862.4503,0.52671105
monash_m3_quarterly,1892.0,1437.4823,0.75976866
monash_m3_quarterly,1080.0,824.52277,0.763447
monash_m3_quarterly,604.0,887.9206,1.4700673
monash_m3_quarterly,680.0,528.2341,0.7768148
monash_m3_quarterly,3314.0,1954.59,0.5897978
monash_m3_quarterly,1764.0,1441.489,0.8171706
monash_m3_quarterly,892.0,745.1036,0.8353179
monash_m3_quarterly,6792.0,1754.1211,0.2582628
monash_m3_quarterly,1340.0,940.30054,0.70171684
monash_m3_quarterly,3264.0,2180.6934,0.6681046
monash_m3_quarterly,1714.0,942.3096,0.5497722
monash_m3_quarterly,1714.0,1127.8035,0.65799505
monash_m3_quarterly,1406.0,1134.4631,0.8068728
monash_m3_quarterly,5614.0,1650.7639,0.29404417
monash_m3_quarterly,1088.0,772.47577,0.7099961
monash_m3_quarterly,664.0,552.7274,0.8324208
monash_m3_quarterly,152.0,165.68677,1.0900445
monash_m3_quarterly,3113.5,1068.6318,0.34322527
monash_m3_quarterly,988.0,678.8469,0.687092
monash_m3_quarterly,2204.0,1227.1389,0.5567781
monash_m3_quarterly,3552.0,2303.13,0.6484037
monash_m3_quarterly,1276.0,908.08356,0.71166426
monash_m3_quarterly,2700.0,1136.975,0.42110184
monash_m3_quarterly,1216.0,574.90326,0.47278228
monash_m3_quarterly,884.0,1147.951,1.2985872
monash_m3_quarterly,1240.0,1562.2988,1.2599185
monash_m3_quarterly,544.0,455.06818,0.8365224
monash_m3_quarterly,508.0,439.242,0.8646496
monash_m3_quarterly,156.0,282.62378,1.8116909
monash_m3_quarterly,648.0,442.82422,0.6833707
monash_m3_quarterly,112.0,99.36798,0.8872141
monash_m3_quarterly,576.0,639.37506,1.1100261
monash_m3_quarterly,696.0,595.2828,0.85529137
monash_m3_quarterly,1188.0,996.1117,0.83847785
monash_m3_quarterly,1908.0,1699.3923,0.89066684
monash_m3_quarterly,380.0,493.86584,1.299647
monash_m3_quarterly,1944.0,1376.5529,0.7081033
monash_m3_quarterly,1240.0,794.3404,0.6405971
monash_m3_quarterly,1288.0,820.33826,0.6369086
monash_m3_quarterly,164.0,251.60034,1.5341485
monash_m3_quarterly,2408.0,927.6183,0.38522354
monash_m3_quarterly,1320.0,979.4269,0.7419901
monash_m3_quarterly,2968.0,1409.2555,0.47481653
monash_m3_quarterly,2244.0,1903.6553,0.8483312
monash_m3_quarterly,1624.0,1029.9788,0.6342234
monash_m3_quarterly,480.0,661.97,1.3791041
monash_m3_quarterly,444.0,497.77008,1.1211038
monash_m3_quarterly,288.0,815.512,2.831639
monash_m3_quarterly,176.0,182.8995,1.0392017
monash_m3_quarterly,716.0,561.1215,0.78368926
monash_m3_quarterly,464.0,385.2881,0.83036226
monash_m3_quarterly,2572.0,1295.9463,0.50386715
monash_m3_quarterly,1636.0,1030.7249,0.6300274
monash_m3_quarterly,1316.0,916.68665,0.6965704
monash_m3_quarterly,676.0,932.8745,1.3799919
monash_m3_quarterly,1010.0,659.8879,0.65335435
monash_m3_quarterly,812.0,704.33435,0.86740685
monash_m3_quarterly,492.0,619.38257,1.2589077
monash_m3_quarterly,926.0,779.5059,0.841799
monash_m3_quarterly,500.0,538.64435,1.0772887
monash_m3_quarterly,748.0,1363.5227,1.8228914
monash_m3_quarterly,820.0,500.9229,0.6108816
monash_m3_quarterly,204.0,203.677,0.99841666
monash_m3_quarterly,904.0,952.09784,1.0532056
monash_m3_quarterly,844.0,719.7461,0.85277975
monash_m3_quarterly,312.0,466.95892,1.4966632
monash_m3_quarterly,476.0,369.77832,0.7768452
monash_m3_quarterly,1826.0,879.8617,0.48185197
monash_m3_quarterly,1528.0,1938.1987,1.2684547
monash_m3_quarterly,1708.0,1861.4412,1.0898367
monash_m3_quarterly,841.0,402.77844,0.478928
monash_m3_quarterly,4314.0,2058.886,0.47725683
monash_m3_quarterly,1540.0,1618.1841,1.0507689
monash_m3_quarterly,1450.0,1239.222,0.8546359
monash_m3_quarterly,860.0,572.91364,0.66617864
monash_m3_quarterly,1400.0,1187.9181,0.84851295
monash_m3_quarterly,4332.0,2889.4475,0.66700083
monash_m3_quarterly,1882.0,2227.3123,1.1834816
monash_m3_quarterly,1052.0,1048.21,0.9963973
monash_m3_quarterly,1720.0,2258.371,1.3130064
monash_m3_quarterly,192.0,140.09918,0.7296832
monash_m3_quarterly,528.0,478.77643,0.90677357
monash_m3_quarterly,140.0,227.04388,1.621742
monash_m3_quarterly,604.0,701.5381,1.1614869
monash_m3_quarterly,3108.0,1887.3671,0.60726094
monash_m3_quarterly,3860.0,2196.5518,0.56905484
monash_m3_quarterly,336.0,575.41077,1.712532
monash_m3_quarterly,3891.0,2537.4126,0.6521235
monash_m3_yearly,2421.3333,1987.4896,0.8208245
monash_m3_yearly,3557.3333,1747.8109,0.49132615
monash_m3_yearly,4709.3335,1459.1302,0.30983797
monash_m3_yearly,10221.333,3271.465,0.32006246
monash_m3_yearly,4179.3335,684.5976,0.16380545
monash_m3_yearly,3121.3333,1139.6094,0.3651034
monash_m3_yearly,4752.0,855.2959,0.1799865
monash_m3_yearly,3437.3333,1425.1105,0.4145977
monash_m3_yearly,6669.3335,2346.9724,0.35190508
monash_m3_yearly,2320.0,1684.2607,0.72597444
monash_m3_yearly,4925.3335,1993.7324,0.40479136
monash_m3_yearly,3269.3333,1742.124,0.53286827
monash_m3_yearly,6034.6665,2618.2095,0.4338615
monash_m3_yearly,4429.3335,1973.8141,0.44562328
monash_m3_yearly,1845.3334,1415.5709,0.7671085
monash_m3_yearly,2357.3333,1105.2401,0.46885186
monash_m3_yearly,3978.6667,2046.0348,0.51425135
monash_m3_yearly,5024.0,2080.2715,0.41406676
monash_m3_yearly,12013.5,1949.6029,0.16228434
monash_m3_yearly,6497.3335,1896.8334,0.29194027
monash_m3_yearly,3586.6667,953.0212,0.26571223
monash_m3_yearly,6641.7085,1284.18,0.19335087
monash_m3_yearly,2649.3333,863.107,0.32578272
monash_m3_yearly,3194.6667,1639.9972,0.5133547
monash_m3_yearly,2480.0,1277.233,0.51501334
monash_m3_yearly,4016.0,1648.165,0.41039968
monash_m3_yearly,3258.6667,1408.486,0.43222767
monash_m3_yearly,5104.0,1138.8619,0.22313125
monash_m3_yearly,3357.3333,1443.1566,0.42985207
monash_m3_yearly,4541.3335,1556.4199,0.3427231
monash_m3_yearly,1533.3334,1110.3623,0.7241493
monash_m3_yearly,3184.0,1430.9657,0.4494239
monash_m3_yearly,960.0,771.4253,0.803568
monash_m3_yearly,4093.3333,1862.5638,0.45502374
monash_m3_yearly,3213.3333,1126.973,0.35071775
monash_m3_yearly,2266.6667,1593.4062,0.7029733
monash_m3_yearly,1845.3334,836.0423,0.4530576
monash_m3_yearly,2858.6667,998.45917,0.34927443
monash_m3_yearly,2058.6667,1362.1772,0.6616793
monash_m3_yearly,1269.3334,765.6087,0.6031581
monash_m3_yearly,1381.3334,904.4538,0.65476865
monash_m3_yearly,1253.3334,1414.3024,1.1284328
monash_m3_yearly,560.0,846.2376,1.5111386
monash_m3_yearly,474.66666,651.5385,1.3726233
monash_m3_yearly,645.3333,669.5468,1.0375209
monash_m3_yearly,2549.3333,1730.316,0.67873275
monash_m3_yearly,3512.0,1698.3662,0.48358947
monash_m3_yearly,1797.3334,1592.0406,0.88577926
monash_m3_yearly,2509.3333,1688.0659,0.67271495
monash_m3_yearly,2642.6667,1380.2871,0.5223084
monash_m3_yearly,2618.6667,1442.3516,0.55079615
monash_m3_yearly,92000.0,14949.804,0.16249786
monash_m3_yearly,4820.0,1672.9492,0.3470849
monash_m3_yearly,3574.6667,1165.3177,0.3259934
monash_m3_yearly,7074.6665,2179.2246,0.30803213
monash_m3_yearly,11337.333,1820.3867,0.16056569
monash_m3_yearly,3762.6667,1481.3561,0.39369845
monash_m3_yearly,1442.6666,1216.3312,0.8431131
monash_m3_yearly,7578.6665,3358.3633,0.4431338
monash_m3_yearly,3002.6667,1830.0513,0.6094753
monash_m3_yearly,80.0,45.776875,0.5722109
monash_m3_yearly,2528.0,1412.7451,0.558839
monash_m3_yearly,6981.3335,2834.9138,0.40607053
monash_m3_yearly,2837.3333,1334.8232,0.47044992
monash_m3_yearly,645.3333,853.24286,1.3221738
monash_m3_yearly,4426.6665,2132.5894,0.48175967
monash_m3_yearly,672.0,821.98737,1.2231954
monash_m3_yearly,1514.6666,705.2912,0.4656412
monash_m3_yearly,1493.3334,1288.5939,0.86289763
monash_m3_yearly,2224.0,1469.5824,0.66078347
monash_m3_yearly,869.3333,590.8047,0.6796066
monash_m3_yearly,1728.0,1013.13495,0.58630496
monash_m3_yearly,1248.0,971.0074,0.7780508
monash_m3_yearly,669.3333,323.82104,0.4837964
monash_m3_yearly,949.3333,1564.6334,1.6481391
monash_m3_yearly,1776.0,1538.9574,0.86653006
monash_m3_yearly,954.6667,1399.2832,1.4657296
monash_m3_yearly,2013.3334,1414.8485,0.7027393
monash_m3_yearly,1285.3334,1059.319,0.8241589
monash_m3_yearly,400.0,518.3096,1.295774
monash_m3_yearly,480.0,534.44,1.1134167
monash_m3_yearly,442.66666,644.25214,1.4553889
monash_m3_yearly,1456.0,2682.3503,1.8422736
monash_m3_yearly,224.0,251.31282,1.1219323
monash_m3_yearly,2197.3333,1628.583,0.74116343
monash_m3_yearly,4112.0,2909.5684,0.70757985
monash_m3_yearly,1728.0,1549.1898,0.89652187
monash_m3_yearly,1221.3334,1182.9761,0.9685939
monash_m3_yearly,2528.0,1417.5917,0.5607562
monash_m3_yearly,4744.0,2111.2454,0.44503486
monash_m3_yearly,1062.6666,2074.1675,1.9518515
monash_m3_yearly,1424.0,1268.6288,0.890891
monash_m3_yearly,2272.0,1195.6912,0.52627254
monash_m3_yearly,1834.6666,1361.6553,0.7421813
monash_m3_yearly,1434.6666,1102.4108,0.768409
monash_m3_yearly,1128.0,603.76874,0.53525597
monash_m3_yearly,2418.6667,1229.5802,0.50837106
monash_m3_yearly,2000.0,1079.9437,0.5399719
monash_m3_yearly,2325.3333,1337.8456,0.57533497
monash_m3_yearly,3258.6667,1732.9515,0.5317977
m4_quarterly,972.0,868.6311,0.8936534
m4_quarterly,1816.0,1495.9937,0.82378507
m4_quarterly,992.0,1320.8965,1.3315489
m4_quarterly,284.0,270.2113,0.95144826
m4_quarterly,1772.0,849.7471,0.47954124
m4_quarterly,618.0,500.91803,0.810547
m4_quarterly,500.0,593.837,1.1876739
m4_quarterly,244.0,189.95532,0.77850544
m4_quarterly,5338.0,1150.6614,0.21556039
m4_quarterly,4344.0,1920.8926,0.44219443
m4_quarterly,1344.0,892.24194,0.6638705
m4_quarterly,3640.0,2224.3147,0.61107546
m4_quarterly,948.0,655.8761,0.69185245
m4_quarterly,624.0,667.6332,1.069925
m4_quarterly,610.0,464.71112,0.7618215
m4_quarterly,816.0,672.6915,0.8243769
m4_quarterly,2486.0,1024.3286,0.41203886
m4_quarterly,320.0,249.59015,0.7799692
m4_quarterly,1106.0,481.68655,0.4355213
m4_quarterly,280.0,111.718506,0.39899465
m4_quarterly,584.0,560.5277,0.9598077
m4_quarterly,684.0,538.212,0.78685963
m4_quarterly,520.0,370.79645,0.7130701
m4_quarterly,12460.0,1384.8412,0.111142956
m4_quarterly,424.0,553.4092,1.3052104
m4_quarterly,480.0,315.3576,0.656995
m4_quarterly,1240.0,1156.601,0.9327427
m4_quarterly,474.0,650.14136,1.3716062
m4_quarterly,350.0,336.39023,0.96111494
m4_quarterly,949.0,680.10596,0.7166554
m4_quarterly,1552.0,827.397,0.5331166
m4_quarterly,473.0,495.66736,1.0479225
m4_quarterly,90.0,122.88321,1.365369
m4_quarterly,1232.0,2023.204,1.6422111
m4_quarterly,749.0,532.27673,0.71064985
m4_quarterly,18184.0,4016.1062,0.22085933
m4_quarterly,10636.0,3749.376,0.3525175
m4_quarterly,1033.0,785.8146,0.76071113
m4_quarterly,105.0,48.29828,0.45998362
m4_quarterly,1710.0,1265.0084,0.739771
m4_quarterly,5472.0,3560.9915,0.65076596
m4_quarterly,132.0,106.21622,0.8046683
m4_quarterly,1491.125,431.78577,0.28957048
m4_quarterly,634.0,497.6525,0.78494084
m4_quarterly,1139.0,570.5574,0.50092834
m4_quarterly,1840.0,1895.5789,1.0302058
m4_quarterly,636.0,715.7762,1.1254343
m4_quarterly,4468.0,1878.5417,0.42044353
m4_quarterly,404.0,349.93506,0.8661759
m4_quarterly,712.0,603.6466,0.84781826
m4_quarterly,4864.0,2607.2246,0.5360248
m4_quarterly,1274.0,690.75775,0.54219604
m4_quarterly,1684.0,1815.0186,1.077802
m4_quarterly,870.0,805.8643,0.9262808
m4_quarterly,452.0,405.40118,0.8969053
m4_quarterly,332.0,228.6549,0.6887196
m4_quarterly,174.0,148.19843,0.8517151
m4_quarterly,146.0,107.08627,0.73346764
m4_quarterly,83.0,97.113464,1.1700417
m4_quarterly,154.0,151.66733,0.9848528
m4_quarterly,3636.0,1932.3441,0.53144777
m4_quarterly,872.0,621.1516,0.7123298
m4_quarterly,530.0,384.81567,0.7260673
m4_quarterly,426.0,464.0096,1.0892245
m4_quarterly,856.0,631.16656,0.73734415
m4_quarterly,1913.25,575.8619,0.30098623
m4_quarterly,4176.0,1289.7013,0.30883652
m4_quarterly,464.0,294.59253,0.6348977
m4_quarterly,832.0,582.7344,0.7004019
m4_quarterly,2391.0,915.795,0.38301757
m4_quarterly,4352.0,2324.9834,0.53423333
m4_quarterly,505.0,403.1816,0.7983794
m4_quarterly,2992.0,2163.8242,0.7232033
m4_quarterly,604.0,410.07928,0.6789392
m4_quarterly,4618.0,1538.2932,0.3331081
m4_quarterly,2516.0,1458.6296,0.57974154
m4_quarterly,148.0,132.2873,0.89383304
m4_quarterly,1062.0,424.52124,0.3997375
m4_quarterly,316.0,211.28363,0.6686191
m4_quarterly,8184.0,2800.185,0.3421536
m4_quarterly,1198.0,735.17676,0.6136701
m4_quarterly,2074.5,1418.1982,0.68363374
m4_quarterly,555.0,486.21948,0.87607116
m4_quarterly,330.0,425.40237,1.2890981
m4_quarterly,648.0,398.79126,0.6154186
m4_quarterly,440.0,191.67828,0.43563247
m4_quarterly,522.0,475.32303,0.9105805
m4_quarterly,773.0,646.2712,0.8360559
m4_quarterly,1104.0,974.7622,0.8829368
m4_quarterly,1060.0,766.81036,0.723406
m4_quarterly,1136.0,1218.5013,1.0726244
m4_quarterly,1944.0,1402.326,0.72136116
m4_quarterly,1578.25,1290.5137,0.8176865
m4_quarterly,2661.0,1063.8867,0.3998071
m4_quarterly,576.0,552.4937,0.9591905
m4_quarterly,2613.8125,1262.4546,0.48299354
m4_quarterly,688.0,507.2923,0.73734343
m4_quarterly,395.0,290.7754,0.73614025
m4_quarterly,4184.0,2812.4673,0.6721958
m4_quarterly,1452.0,1234.1268,0.8499496
m4_yearly,1349.3334,1352.7355,1.0025213
m4_yearly,720.0,703.3638,0.97689414
m4_yearly,245.33333,136.42334,0.5560734
m4_yearly,48.0,80.114624,1.6690546
m4_yearly,5847.8335,2106.6045,0.36023673
m4_yearly,149.33333,131.19954,0.87856835
m4_yearly,270.66666,543.2009,2.0069
m4_yearly,2005.3334,1665.291,0.830431
m4_yearly,704.0,341.1072,0.4845273
m4_yearly,2741.3333,2112.2139,0.7705061
m4_yearly,2730.6667,2020.8832,0.7400695
m4_yearly,178.66667,67.30139,0.37668687
m4_yearly,566.0,425.99472,0.75264084
m4_yearly,5005.164,2485.1458,0.49651635
m4_yearly,473.33334,567.2342,1.198382
m4_yearly,824.0,583.20135,0.7077686
m4_yearly,2736.0,1958.8242,0.7159445
m4_yearly,1290.6666,1800.3134,1.3948709
m4_yearly,1357.3334,1274.6351,0.939073
m4_yearly,2384.0,1416.42,0.59413594
m4_yearly,1301.3334,987.9017,0.75914574
m4_yearly,1877.3334,1717.5615,0.9148943
m4_yearly,322.66666,227.30928,0.70447093
m4_yearly,557.3333,282.879,0.50755805
m4_yearly,2261.3333,1157.5039,0.5118679
m4_yearly,1280.0,733.8289,0.5733038
m4_yearly,1050.6666,710.8216,0.6765434
m4_yearly,773.3333,320.56396,0.41452238
m4_yearly,640.0,367.60913,0.5743893
m4_yearly,306.66666,312.65836,1.0195382
m4_yearly,5269.3335,2229.8464,0.4231743
m4_yearly,2085.3333,1764.6747,0.8462315
m4_yearly,517.3333,869.2639,1.6802783
m4_yearly,232.0,251.31085,1.0832365
m4_yearly,3904.0,2806.362,0.71884274
m4_yearly,10005.333,2852.1497,0.28506294
m4_yearly,4490.6665,2407.914,0.53620416
m4_yearly,4288.0,2967.122,0.69195944
m4_yearly,578.6667,299.29294,0.51721126
m4_yearly,862.6667,695.8833,0.8066653
m4_yearly,942.6667,402.26315,0.42672893
m4_yearly,2602.6667,723.7703,0.27808797
m4_yearly,5877.3335,3157.0745,0.537161
m4_yearly,1044.0,656.72614,0.62904805
m4_yearly,4971.3335,1244.3649,0.25030807
m4_yearly,602.6667,230.47517,0.3824256
m4_yearly,3024.0,1680.4879,0.55571693
m4_yearly,869.3333,427.36133,0.49159664
m4_yearly,410.66666,895.37134,2.1802874
m4_yearly,1829.3334,1544.6323,0.84436893
m4_yearly,1045.3334,711.1589,0.68031776
m4_yearly,5485.3335,3615.8352,0.65918237
m4_yearly,834.6667,605.5413,0.7254888
m4_yearly,514.6667,589.1801,1.1447799
m4_yearly,6112.0,2929.0247,0.47922525
m4_yearly,5813.3335,1909.0205,0.32838655
m4_yearly,4184.0,2314.413,0.553158
m4_yearly,944.0,815.4842,0.86386037
m4_yearly,4010.6667,2499.2078,0.6231402
m4_yearly,2114.6667,1238.4689,0.58565676
m4_yearly,1848.0,947.1154,0.51250833
m4_yearly,4154.8335,1791.2843,0.43113264
m4_yearly,5152.0,2535.8474,0.4922064
m4_yearly,1112.0,902.5073,0.8116073
m4_yearly,3034.6667,2849.2449,0.93889874
m4_yearly,3434.6667,2951.6033,0.8593565
m4_yearly,5733.3335,1739.9606,0.3034815
m4_yearly,3488.0,3076.2236,0.88194484
m4_yearly,429.33334,456.49307,1.0632602
m4_yearly,8746.667,2508.9749,0.28684926
m4_yearly,2096.0,1050.035,0.5009709
m4_yearly,274.66666,178.37714,0.64943135
m4_yearly,1538.6666,624.8128,0.4060742
m4_yearly,592.0,522.226,0.88213855
m4_yearly,3120.0,1740.3744,0.55781233
m4_yearly,1954.6666,1084.4161,0.55478317
m4_yearly,986.6667,643.73645,0.6524356
m4_yearly,3125.3333,902.22784,0.28868213
m4_yearly,5098.6665,1892.5396,0.37118325
m4_yearly,978.6667,421.94763,0.4311454
m4_yearly,1213.3334,1056.1118,0.8704218
m4_yearly,448.0,284.03882,0.6340152
m4_yearly,421.33334,390.2872,0.92631453
m4_yearly,3434.6667,2348.5476,0.68377745
m4_yearly,1407.8334,439.55957,0.31222415
m4_yearly,836.0,380.50797,0.45515308
m4_yearly,474.66666,623.9845,1.3145741
m4_yearly,794.6667,595.40015,0.7492451
m4_yearly,6218.6665,1406.4259,0.22616197
m4_yearly,949.3333,567.18945,0.5974608
m4_yearly,634.6667,426.39908,0.6718473
m4_yearly,8213.333,3085.8086,0.37570724
m4_yearly,8864.0,2619.3728,0.29550686
m4_yearly,693.3333,1235.93,1.7825915
m4_yearly,1530.6666,1474.5752,0.9633549
m4_yearly,2426.6667,2553.407,1.0522281
m4_yearly,1936.0,1623.87,0.8387758
m4_yearly,705.3333,586.8018,0.83194965
m4_yearly,741.3333,537.4092,0.7249225
m4_yearly,1034.6666,1723.4171,1.6656739
m5,2.18212,1.6174031,0.74120724
m5,12.422712,11.324188,0.9115713
m5,2.2003267,1.6363984,0.74370706
m5,1.8238133,1.8604801,1.0201044
m5,2.0976007,0.8191889,0.39053616
m5,1.7359954,1.0678971,0.61514974
m5,2.2491412,2.300282,1.0227379
m5,3.3219864,3.6240163,1.0909184
m5,2.1865208,1.8966454,0.8674262
m5,1.4869245,1.1673405,0.7850705
m5,3.8362978,3.4829419,0.90789145
m5,2.3002722,2.5224092,1.0965699
m5,1.7896773,1.3666484,0.7636284
m5,0.4825291,0.71211195,1.4757906
m5,3.0626614,2.383534,0.77825576
m5,5.359872,3.7714934,0.70365363
m5,2.657868,2.547356,0.9584208
m5,2.864878,2.590479,0.9042196
m5,2.9472127,2.0734656,0.7035344
m5,6.551339,6.883662,1.0507259
m5,7.901088,6.4533153,0.81676286
m5,1.7340033,1.241812,0.7161532
m5,1.6305616,1.2315656,0.7553015
m5,1.8642317,1.60975,0.8634925
m5,4.669294,4.376187,0.9372267
m5,1.6876634,1.5463351,0.916258
m5,1.3659859,1.2872112,0.94233125
m5,2.3948767,2.142362,0.8945605
m5,2.0274332,1.9766172,0.9749358
m5,9.15625,9.40203,1.0268428
m5,1.8545396,1.635438,0.88185656
m5,4.637469,4.8942657,1.0553744
m5,1.4991808,1.208005,0.8057767
m5,1.4688066,3.8438249,2.6169713
m5,5.1754384,4.3997903,0.850129
m5,1.1060026,1.2501667,1.130347
m5,3.5471628,3.4034271,0.9594787
m5,1.2137563,0.7069669,0.58246195
m5,2.808464,1.9215168,0.68418777
m5,1.8331653,1.1062901,0.6034863
m5,0.9678959,0.23878667,0.24670696
m5,2.32608,1.8816903,0.80895334
m5,33.870537,31.1382,0.91933
m5,0.9096805,0.8460554,0.93005776
m5,7.1999164,6.146486,0.8536885
m5,6.5021625,6.2513776,0.96143055
m5,5.696673,4.4713373,0.7849033
m5,0.33949637,0.32929495,0.9699513
m5,1.482666,1.3819952,0.9321015
m5,1.4357758,1.8887018,1.3154573
m5,1.7375468,1.4206821,0.8176367
m5,1.4745648,0.7412247,0.50267357
m5,3.638142,2.5752044,0.707835
m5,1.4843369,1.5441759,1.0403136
m5,10.882852,5.5928483,0.51391387
m5,1.1842897,0.8210918,0.69332004
m5,0.88909423,0.5863765,0.65952116
m5,1.3171976,1.099314,0.8345855
m5,3.2756207,3.4892433,1.065216
m5,1.1886423,1.0355359,0.8711923
m5,1.6312782,0.6305305,0.38652542
m5,3.043588,1.1273247,0.37039334
m5,0.00456483,0.04996649,10.94597
m5,1.7134631,1.1778773,0.68742496
m5,0.0016062601,0.01150953,7.1654215
m5,0.61877304,0.3854352,0.6229024
m5,3.3319554,2.4943554,0.7486161
m5,0.9069199,0.4285573,0.4725415
m5,5.1936383,5.343498,1.0288545
m5,1.3275915,0.014283349,0.010758843
m5,2.8863373,2.893166,1.002366
m5,2.0864723,1.6843224,0.8072584
m5,2.198363,1.85843,0.84536994
m5,1.4277638,0.74778134,0.52374303
m5,4.7887726,4.2924304,0.89635295
m5,1.2605671,0.6725054,0.53349435
m5,1.3481348,1.0400543,0.7714765
m5,1.2270126,0.67446035,0.5496768
m5,6.6180243,6.9072394,1.0437012
m5,2.8732452,2.5675104,0.8935925
m5,2.1123679,1.7364682,0.8220482
m5,0.95545036,0.7323231,0.76646906
m5,1.2384251,1.7368115,1.4024357
m5,0.13719733,0.2822168,2.0570138
m5,1.3049928,0.7587708,0.5814368
m5,1.392613,1.1395161,0.8182575
m5,2.1850586,2.4811885,1.135525
m5,1.2098423,0.8893265,0.73507637
m5,2.2259464,0.87058246,0.39110667
m5,0.015800748,0.53506255,33.863113
m5,3.5622919,2.728603,0.7659684
m5,0.8770824,0.042840723,0.04884458
m5,1.3747828,0.7891342,0.57400644
m5,1.7954047,1.3755671,0.7661599
m5,0.01869762,0.19631612,10.499525
m5,0.0132917,0.25768635,19.387012
m5,1.2299901,0.8848594,0.7194036
m5,0.72073525,0.21157587,0.2935556
m5,2.252933,2.1158357,0.9391472
m5,0.056268282,0.29819685,5.299555
nn5,13.155134,8.11271,0.61669534
nn5,6.725446,6.048187,0.89929897
nn5,10.030134,5.260266,0.5244462
nn5,9.80692,4.966122,0.50638956
nn5,8.4765625,5.69716,0.67210734
nn5,11.857142,5.5343866,0.4667555
nn5,8.412947,5.3807955,0.63958514
nn5,13.904576,6.102456,0.43888113
nn5,5.7762275,2.3726954,0.41076905
nn5,13.895089,5.97868,0.43027288
nn5,13.010045,5.4906573,0.42203215
nn5,10.854911,4.191165,0.38610774
nn5,7.595982,4.0042467,0.52715325
nn5,8.365514,4.2798324,0.51160425
nn5,10.037947,4.8402896,0.48219916
nn5,16.453125,6.4066052,0.3893853
nn5,11.675781,6.4770246,0.55474013
nn5,14.098214,5.8490343,0.41487768
nn5,10.235491,4.7321506,0.46232766
nn5,7.325893,3.8183582,0.521214
nn5,6.148856,2.4789298,0.403153
nn5,14.6171875,12.482328,0.8539487
nn5,12.360491,7.136599,0.57737184
nn5,7.513393,3.4799788,0.46317008
nn5,4.3094306,2.4281237,0.5634442
nn5,7.0820312,3.6212864,0.5113344
nn5,11.459822,5.2173867,0.45527643
nn5,10.48577,4.7131248,0.44947815
nn5,8.856027,4.546723,0.51340437
nn5,11.775111,5.59331,0.47501123
nn5,11.441964,13.203256,1.1539326
nn5,7.256557,4.281592,0.5900308
nn5,7.0311103,5.3102407,0.75524926
nn5,8.815822,4.0006857,0.45380747
nn5,12.2890625,7.0066113,0.5701502
nn5,9.93192,4.378072,0.4408082
nn5,8.535714,4.6971993,0.5502995
nn5,9.953125,4.284913,0.43050933
nn5,13.80692,7.8943567,0.5717681
nn5,7.4654016,4.0909667,0.54799014
nn5,7.21596,3.9419017,0.54627544
nn5,7.90625,4.4894,0.56782925
nn5,13.155134,12.53329,0.95272994
nn5,17.149553,8.429059,0.49150312
nn5,11.52567,4.3607607,0.37835205
nn5,10.066964,3.5804074,0.3556591
nn5,17.598215,16.12021,0.91601396
nn5,5.6043525,2.9442303,0.5253471
nn5,9.913505,4.7451468,0.47865483
nn5,4.1796875,2.3405461,0.5599811
nn5,6.601632,5.905351,0.894529
nn5,7.65625,4.1217093,0.5383457
nn5,9.322545,8.098828,0.8687358
nn5,6.5574775,2.9497964,0.44983706
nn5,7.7845984,4.241722,0.54488647
nn5,9.092634,4.340919,0.4774105
nn5,6.3242188,3.2478194,0.51355267
nn5,8.166434,4.022394,0.49255207
nn5,15.432478,5.271485,0.34158382
nn5,11.204241,5.4891105,0.48991364
nn5,15.203125,8.461428,0.55655843
nn5,20.753347,13.593467,0.65500116
nn5,11.437395,4.7969923,0.419413
nn5,5.098214,3.768985,0.7392755
nn5,10.151647,5.599276,0.5515633
nn5,11.780134,5.4305673,0.46099368
nn5,7.3917413,3.4924252,0.47247666
nn5,8.829241,4.379562,0.4960293
nn5,6.9832587,3.3328526,0.47726324
nn5,9.212053,4.3539524,0.47263646
nn5,8.083705,6.3083496,0.7803785
nn5,7.8247766,6.3948426,0.8172556
nn5,4.7876673,2.3260453,0.48584104
nn5,5.9447546,2.66005,0.4474617
nn5,15.5703125,6.897513,0.4429913
nn5,8.309152,4.713669,0.56728643
nn5,9.260603,3.4177096,0.3690591
nn5,7.5834265,3.8130095,0.5028083
nn5,12.118303,4.3193936,0.3564355
nn5,11.828683,6.026564,0.50948733
nn5,6.001953,2.4384234,0.40627164
nn5,11.362444,7.5966096,0.6685718
nn5,14.370117,7.427529,0.51687324
nn5,12.559152,8.152148,0.64910024
nn5,8.678014,4.295741,0.4950143
nn5,14.56808,7.765275,0.53303355
nn5,9.8828125,5.188642,0.5250167
nn5,9.021205,5.058452,0.5607291
nn5,10.575892,4.70184,0.4445809
nn5,7.40625,4.4773197,0.6045326
nn5,9.1953125,5.4614725,0.5939409
nn5,13.563965,6.2327094,0.459505
nn5,5.2773438,1.9217669,0.3641542
nn5,10.96875,5.955192,0.5429235
nn5,11.006697,4.2337775,0.3846547
nn5,12.89202,5.271012,0.40885848
nn5,9.598772,4.737415,0.49354383
nn5,13.223842,5.2753396,0.3989264
nn5,11.830358,5.8445096,0.49402645
nn5,7.834821,6.713428,0.8568706
monash_nn5_weekly,54.25,50.596222,0.93264925
monash_nn5_weekly,30.5,22.485077,0.73721564
monash_nn5_weekly,59.3125,33.134666,0.5586456
monash_nn5_weekly,55.5,33.90316,0.61086774
monash_nn5_weekly,50.5625,24.915466,0.49276572
monash_nn5_weekly,49.125,30.618076,0.6232687
monash_nn5_weekly,42.375,26.74691,0.63119555
monash_nn5_weekly,51.1875,38.58334,0.75376487
monash_nn5_weekly,31.90625,22.15082,0.69424707
monash_nn5_weekly,48.0,34.99687,0.7291014
monash_nn5_weekly,36.6875,24.84694,0.67725897
monash_nn5_weekly,43.6875,26.827576,0.614079
monash_nn5_weekly,32.625,25.32124,0.77612996
monash_nn5_weekly,41.9375,29.168106,0.6955137
monash_nn5_weekly,40.875,28.786045,0.70424575
monash_nn5_weekly,40.125,35.11796,0.875214
monash_nn5_weekly,50.375,41.221333,0.81828946
monash_nn5_weekly,65.0,35.881477,0.55202276
monash_nn5_weekly,41.3125,28.00531,0.6778895
monash_nn5_weekly,23.6875,17.670279,0.74597484
monash_nn5_weekly,28.6875,16.653114,0.5805007
monash_nn5_weekly,64.375,41.399315,0.64309615
monash_nn5_weekly,51.1875,26.649559,0.5206263
monash_nn5_weekly,51.25,24.310734,0.4743558
monash_nn5_weekly,24.375,16.467278,0.6755806
monash_nn5_weekly,26.4375,22.7412,0.86018723
monash_nn5_weekly,40.5,32.0139,0.79046667
monash_nn5_weekly,45.0,28.99123,0.64424956
monash_nn5_weekly,56.25,33.437515,0.5944447
monash_nn5_weekly,54.25,30.637253,0.56474197
monash_nn5_weekly,40.5,47.578014,1.1747658
monash_nn5_weekly,18.9375,18.562963,0.9802225
monash_nn5_weekly,33.0625,19.444416,0.58811086
monash_nn5_weekly,46.875,27.980844,0.59692466
monash_nn5_weekly,52.5,43.719322,0.832749
monash_nn5_weekly,49.75,31.222725,0.62759244
monash_nn5_weekly,41.75,24.396341,0.5843435
monash_nn5_weekly,43.875,32.71003,0.74552774
monash_nn5_weekly,42.375,37.720734,0.8901648
monash_nn5_weekly,32.625,26.361698,0.8080214
monash_nn5_weekly,24.0625,28.601898,1.1886504
monash_nn5_weekly,34.625,25.643137,0.740596
monash_nn5_weekly,54.25,49.133286,0.9056827
monash_nn5_weekly,62.125,36.17185,0.582243
monash_nn5_weekly,41.1875,31.615297,0.76759446
monash_nn5_weekly,50.25,26.856087,0.53444946
monash_nn5_weekly,79.625,43.68023,0.5485743
monash_nn5_weekly,25.9375,14.285999,0.55078554
monash_nn5_weekly,42.4375,26.947052,0.6349821
monash_nn5_weekly,19.5625,15.206804,0.77734464
monash_nn5_weekly,30.5,17.557804,0.5756657
monash_nn5_weekly,36.5,25.348314,0.69447434
monash_nn5_weekly,31.625,27.066328,0.85585225
monash_nn5_weekly,26.375,19.300518,0.7317732
monash_nn5_weekly,32.5,25.569614,0.78675735
monash_nn5_weekly,39.625,32.277946,0.8145854
monash_nn5_weekly,29.125,20.60321,0.70740634
monash_nn5_weekly,35.5,21.948887,0.6182785
monash_nn5_weekly,62.375,39.530163,0.6337501
monash_nn5_weekly,56.125,33.93492,0.6046311
monash_nn5_weekly,65.625,48.70112,0.7421123
monash_nn5_weekly,127.25,69.164474,0.5435322
monash_nn5_weekly,35.625,26.357193,0.73985106
monash_nn5_weekly,28.875,23.356768,0.80889237
monash_nn5_weekly,45.125,23.345457,0.51735085
monash_nn5_weekly,58.0625,27.52633,0.47408104
monash_nn5_weekly,32.75,21.774256,0.66486275
monash_nn5_weekly,25.3125,29.335632,1.1589385
monash_nn5_weekly,31.1875,18.761692,0.6015773
monash_nn5_weekly,31.625,25.372757,0.80230063
monash_nn5_weekly,31.5,27.555986,0.87479323
monash_nn5_weekly,28.25,22.835041,0.80832005
monash_nn5_weekly,23.28125,14.455651,0.62091386
monash_nn5_weekly,28.4375,16.222126,0.5704484
monash_nn5_weekly,73.375,47.499687,0.6473552
monash_nn5_weekly,41.375,24.848236,0.6005616
monash_nn5_weekly,32.625,22.204582,0.6806002
monash_nn5_weekly,24.0,25.034285,1.0430952
monash_nn5_weekly,54.375,29.562757,0.5436829
monash_nn5_weekly,47.625,37.35101,0.78427315
monash_nn5_weekly,25.375,17.2985,0.6817143
monash_nn5_weekly,44.0,25.482796,0.57915443
monash_nn5_weekly,60.125,36.823902,0.6124557
monash_nn5_weekly,77.8125,44.709023,0.57457376
monash_nn5_weekly,29.25,21.37489,0.73076546
monash_nn5_weekly,77.3125,43.442924,0.5619133
monash_nn5_weekly,22.25,35.35219,1.5888624
monash_nn5_weekly,41.0625,25.858963,0.62974644
monash_nn5_weekly,34.5625,37.30823,1.0794425
monash_nn5_weekly,37.375,24.345526,0.6513853
monash_nn5_weekly,56.25,33.616398,0.59762484
monash_nn5_weekly,45.0625,34.23239,0.7596647
monash_nn5_weekly,28.09375,15.67007,0.55777776
monash_nn5_weekly,58.125,31.981155,0.5502134
monash_nn5_weekly,35.6875,25.461826,0.7134662
monash_nn5_weekly,37.6875,30.441895,0.8077451
monash_nn5_weekly,26.25,24.970715,0.95126534
monash_nn5_weekly,47.9375,30.065395,0.627179
monash_nn5_weekly,49.25,31.95544,0.64884144
monash_nn5_weekly,28.25,23.888058,0.84559494
monash_tourism_monthly,592.3333,513.1968,0.86639863
monash_tourism_monthly,7797.3335,6164.7925,0.7906283
monash_tourism_monthly,62976.0,34633.074,0.5499408
monash_tourism_monthly,25394.666,6070.176,0.23903349
monash_tourism_monthly,2718.6667,1515.1523,0.55731446
monash_tourism_monthly,23349.334,16672.973,0.7140663
monash_tourism_monthly,6629.3335,1605.806,0.24222738
monash_tourism_monthly,3518.6667,1091.1191,0.31009448
monash_tourism_monthly,7941.3335,6964.1304,0.8769472
monash_tourism_monthly,13968.0,9548.672,0.68361056
monash_tourism_monthly,14602.667,7251.8945,0.4966144
monash_tourism_monthly,5470.0,1042.2603,0.19054118
monash_tourism_monthly,10925.333,3310.698,0.30302948
monash_tourism_monthly,7768.0,3726.487,0.47972286
monash_tourism_monthly,8814.667,5824.429,0.66076565
monash_tourism_monthly,1968.0,381.62573,0.19391552
monash_tourism_monthly,1267.0,395.3496,0.312036
monash_tourism_monthly,1176.0,231.78142,0.19709304
monash_tourism_monthly,1125.3334,430.62207,0.3826618
monash_tourism_monthly,1869.3334,1080.7509,0.5781477
monash_tourism_monthly,1461.3334,736.02106,0.503664
monash_tourism_monthly,547.4167,149.92049,0.27386904
monash_tourism_monthly,4083.3333,878.4299,0.21512568
monash_tourism_monthly,566.0,193.33537,0.34158194
monash_tourism_monthly,1808.6666,650.25214,0.35952017
monash_tourism_monthly,1393.25,323.28397,0.23203586
monash_tourism_monthly,1148.3334,512.98004,0.446717
monash_tourism_monthly,5559.3335,912.7537,0.16418402
monash_tourism_monthly,3413.8333,886.9727,0.25981724
monash_tourism_monthly,2435.3333,1457.8678,0.59863174
monash_tourism_monthly,622.625,641.5754,1.0304363
monash_tourism_monthly,1278.0,1256.5543,0.9832193
monash_tourism_monthly,2231.0,1680.2748,0.75314873
monash_tourism_monthly,2977.3333,2066.6523,0.69412863
monash_tourism_monthly,622.0,637.2585,1.0245314
monash_tourism_monthly,13440.0,13130.724,0.9769884
monash_tourism_monthly,671.0208,1067.495,1.5908523
monash_tourism_monthly,7601.3335,4247.5176,0.55878586
monash_tourism_monthly,1225.5834,1022.1191,0.83398575
monash_tourism_monthly,4196.0,3669.6523,0.87455964
monash_tourism_monthly,4546.6665,4267.806,0.93866706
monash_tourism_monthly,4737.3335,2623.2957,0.55374944
monash_tourism_monthly,8994.667,5319.498,0.5914058
monash_tourism_monthly,1332.0,1569.6227,1.1783954
monash_tourism_monthly,774.7917,683.1097,0.8816688
monash_tourism_monthly,3970.6667,4269.728,1.0753176
monash_tourism_monthly,616.5833,707.3973,1.1472858
monash_tourism_monthly,14634.667,11123.946,0.7601093
monash_tourism_monthly,1191.3334,1165.6093,0.97840726
monash_tourism_monthly,294.0,103.79016,0.35302776
monash_tourism_monthly,375.25,78.280396,0.20860864
monash_tourism_monthly,2269.3333,1532.4454,0.67528445
monash_tourism_monthly,3682.6667,2322.6394,0.630695
monash_tourism_monthly,4728.0,3644.6838,0.77087224
monash_tourism_monthly,216.85417,134.91948,0.6221669
monash_tourism_monthly,144.14583,74.90131,0.5196218
monash_tourism_monthly,294.83334,138.48611,0.4697098
monash_tourism_monthly,1172.6666,491.89404,0.41946623
monash_tourism_monthly,563.6667,125.68069,0.22296987
monash_tourism_monthly,1860.3646,330.83212,0.17783187
monash_tourism_monthly,1961.5,543.4841,0.27707574
monash_tourism_monthly,157.45833,86.97817,0.5523885
monash_tourism_monthly,240.16667,109.901054,0.45760328
monash_tourism_monthly,869.6667,151.66179,0.1743907
monash_tourism_monthly,5836.0,816.4041,0.13989104
monash_tourism_monthly,1929.3334,479.26474,0.2484095
monash_tourism_monthly,246.91667,102.36588,0.41457665
monash_tourism_monthly,331.75,131.71751,0.3970385
monash_tourism_monthly,1473.8334,314.49146,0.21338332
monash_tourism_monthly,510.91666,150.7996,0.295155
monash_tourism_monthly,437.91666,182.12842,0.41589743
monash_tourism_monthly,116.114586,75.89326,0.6536066
monash_tourism_monthly,257.41666,115.89974,0.4502418
monash_tourism_monthly,2899.6667,1095.9027,0.37794092
monash_tourism_monthly,1197.5,231.31122,0.19316177
monash_tourism_monthly,1720.0,489.746,0.28473604
monash_tourism_monthly,2962.6667,1233.6522,0.41639924
monash_tourism_monthly,6677.3335,3506.0078,0.5250611
monash_tourism_monthly,229.875,119.04001,0.5178467
monash_tourism_monthly,762.3333,207.94142,0.2727697
monash_tourism_monthly,402.0,213.18018,0.53029895
monash_tourism_monthly,424.20834,130.43184,0.3074712
monash_tourism_monthly,473.875,150.23236,0.3170295
monash_tourism_monthly,195.29167,89.414185,0.45784944
monash_tourism_monthly,904.8333,344.7601,0.38102058
monash_tourism_monthly,991.0,599.7282,0.6051748
monash_tourism_monthly,234.16667,134.86101,0.57591885
monash_tourism_monthly,761.1667,411.4122,0.54050213
monash_tourism_monthly,7338.6665,2931.411,0.39944735
monash_tourism_monthly,9317.333,3907.2314,0.41935083
monash_tourism_monthly,143.92969,92.2969,0.6412638
monash_tourism_monthly,1050.6666,450.69678,0.42896268
monash_tourism_monthly,1257.3334,451.1837,0.35884172
monash_tourism_monthly,1814.8334,649.7298,0.3580107
monash_tourism_monthly,523.3333,195.99316,0.37450925
monash_tourism_monthly,11328.0,9277.671,0.81900346
monash_tourism_monthly,35242.668,20319.17,0.5765503
monash_tourism_monthly,12058.5,1754.1733,0.14547193
monash_tourism_monthly,16936.541,5722.182,0.33786014
monash_tourism_monthly,2977.6667,2123.401,0.71310896
monash_tourism_quarterly,1368.0,1073.7871,0.7849321
monash_tourism_quarterly,60672.0,28483.383,0.46946505
monash_tourism_quarterly,74944.0,46981.094,0.6268827
monash_tourism_quarterly,288640.0,108205.016,0.3748788
monash_tourism_quarterly,8994.0,1319.0284,0.14665648
monash_tourism_quarterly,482.0,238.69495,0.49521774
monash_tourism_quarterly,122.5,94.40318,0.7706382
monash_tourism_quarterly,145.5,23.943275,0.16455859
monash_tourism_quarterly,42.875,44.274734,1.0326469
monash_tourism_quarterly,530.0,266.9466,0.50367284
monash_tourism_quarterly,930.0,336.36072,0.36167818
monash_tourism_quarterly,15208.0,5835.5938,0.38371867
monash_tourism_quarterly,9328.0,6130.2383,0.6571868
monash_tourism_quarterly,85952.0,38334.61,0.4460002
monash_tourism_quarterly,31776.0,23020.89,0.72447413
monash_tourism_quarterly,35936.0,14622.866,0.40691414
monash_tourism_quarterly,25984.0,7705.2764,0.29653928
monash_tourism_quarterly,24352.0,10882.445,0.44688097
monash_tourism_quarterly,7552.0,4231.9033,0.56036854
monash_tourism_quarterly,21184.0,15986.587,0.7546538
monash_tourism_quarterly,21584.0,10062.082,0.46618244
monash_tourism_quarterly,7024.0,2482.6152,0.3534475
monash_tourism_quarterly,17712.0,12621.694,0.71260697
monash_tourism_quarterly,17696.0,10336.895,0.5841373
monash_tourism_quarterly,3816.0,1500.0304,0.3930897
monash_tourism_quarterly,1133.0,362.6328,0.32006428
monash_tourism_quarterly,3344.0,1152.9722,0.3447883
monash_tourism_quarterly,6912.0,5643.079,0.8164177
monash_tourism_quarterly,3400.0,1447.996,0.42588118
monash_tourism_quarterly,1304.0,447.37427,0.34307843
monash_tourism_quarterly,3496.0,1033.0006,0.29548073
monash_tourism_quarterly,1614.0,778.67615,0.48245114
monash_tourism_quarterly,13240.0,4598.2373,0.3472989
monash_tourism_quarterly,3258.0,1457.6366,0.44740227
monash_tourism_quarterly,12608.0,12893.275,1.0226265
monash_tourism_quarterly,11974.0,2401.0935,0.2005256
monash_tourism_quarterly,123072.0,34913.324,0.2836821
monash_tourism_quarterly,40576.0,43794.89,1.07933
monash_tourism_quarterly,1349.5,1531.3177,1.1347297
monash_tourism_quarterly,2091.0,1934.3262,0.9250723
monash_tourism_quarterly,1313.0,1639.0403,1.248317
monash_tourism_quarterly,30528.0,26619.697,0.87197644
monash_tourism_quarterly,1213.5,1510.5234,1.2447659
monash_tourism_quarterly,2161.0,2030.6141,0.9396641
monash_tourism_quarterly,3256.0,1755.9309,0.53929085
monash_tourism_quarterly,2035.0,1546.1711,0.7597893
monash_tourism_quarterly,15168.0,8368.449,0.5517174
monash_tourism_quarterly,27360.0,8573.157,0.3133464
monash_tourism_quarterly,2476.0,2640.4932,1.0664351
monash_tourism_quarterly,1162.25,1017.24634,0.87523884
monash_tourism_quarterly,1671.0,1728.2914,1.0342857
monash_tourism_quarterly,1376.0,1668.5168,1.212585
monash_tourism_quarterly,1794.0,1605.631,0.8950005
monash_tourism_quarterly,171520.0,294486.12,1.71692
monash_tourism_quarterly,151.8125,76.28591,0.50250083
monash_tourism_quarterly,19360.0,15029.651,0.776325
monash_tourism_quarterly,11008.0,6983.0923,0.6343652
monash_tourism_quarterly,1782.0,991.95605,0.5566532
monash_tourism_quarterly,2800.0,1909.7667,0.6820595
monash_tourism_quarterly,608.5,172.64749,0.28372636
monash_tourism_quarterly,181.71875,66.75157,0.36733454
monash_tourism_quarterly,1792.0,1527.388,0.852337
monash_tourism_quarterly,1350.0,512.31696,0.37949404
monash_tourism_quarterly,734.0,236.19731,0.3217947
monash_tourism_quarterly,1789.0,833.4395,0.46586892
monash_tourism_quarterly,2332.0,1178.5038,0.50536186
monash_tourism_quarterly,14328.0,4485.9546,0.3130901
monash_tourism_quarterly,3535.0,334.46393,0.094614975
monash_tourism_quarterly,2856.0,1193.5259,0.41790122
monash_tourism_quarterly,471.5,178.92288,0.3794759
monash_tourism_quarterly,549.5,284.90518,0.5184808
monash_tourism_quarterly,2717.0,1167.7317,0.42978716
monash_tourism_quarterly,4770.0,1751.1509,0.36711758
monash_tourism_quarterly,1073.0,427.05322,0.3979993
monash_tourism_quarterly,504.25,92.21343,0.18287244
monash_tourism_quarterly,183.75,47.638435,0.25925678
monash_tourism_quarterly,868.0,366.15262,0.42183483
monash_tourism_quarterly,4352.0,3809.919,0.87544096
monash_tourism_quarterly,9856.0,3107.9119,0.31533197
monash_tourism_quarterly,14144.0,6831.148,0.48297143
monash_tourism_quarterly,1944.0,663.37354,0.34124154
monash_tourism_quarterly,194.8125,52.263557,0.2682762
monash_tourism_quarterly,832.0,559.83496,0.67287856
monash_tourism_quarterly,332.0,112.9636,0.3402518
monash_tourism_quarterly,468.0,292.85614,0.625761
monash_tourism_quarterly,863.0,545.7278,0.6323613
monash_tourism_quarterly,2374.0,528.46564,0.22260557
monash_tourism_quarterly,3432.0,892.0911,0.25993332
monash_tourism_quarterly,435.5,150.31253,0.34514934
monash_tourism_quarterly,799.0,489.37732,0.61248726
monash_tourism_quarterly,1560.0,1032.6522,0.66195655
monash_tourism_quarterly,785.0,248.39943,0.3164324
monash_tourism_quarterly,2464.0,1393.2721,0.5654513
monash_tourism_quarterly,3334.0,1815.3184,0.5444866
monash_tourism_quarterly,13864.0,6828.249,0.49251652
monash_tourism_quarterly,7150.0,2845.525,0.3979755
monash_tourism_quarterly,16368.0,8359.252,0.51070696
monash_tourism_quarterly,250048.0,87813.49,0.35118654
monash_tourism_quarterly,45944.0,19045.357,0.41453415
monash_tourism_quarterly,4096.0,5060.9336,1.2355795
monash_tourism_yearly,12160.0,8646.971,0.71109957
monash_tourism_yearly,225792.0,92040.05,0.40763202
monash_tourism_yearly,299264.0,68222.2,0.22796662
monash_tourism_yearly,48512.0,33687.664,0.6944192
monash_tourism_yearly,95104.0,31696.37,0.33328113
monash_tourism_yearly,2680.0,992.9099,0.37048876
monash_tourism_yearly,7984.0,4924.8438,0.6168392
monash_tourism_yearly,2136.0,1715.0792,0.8029397
monash_tourism_yearly,1748.25,629.19946,0.35990244
monash_tourism_yearly,5160.0,1139.7858,0.22088872
monash_tourism_yearly,14400.0,14985.607,1.0406672
monash_tourism_yearly,397056.0,132954.25,0.33485013
monash_tourism_yearly,309760.0,115000.79,0.37125772
monash_tourism_yearly,1236992.0,1161567.9,0.9390262
monash_tourism_yearly,0.421875,0.31058267,0.736196
monash_tourism_yearly,12124160.0,5933272.5,0.48937598
monash_tourism_yearly,669696.0,553931.6,0.8271389
monash_tourism_yearly,0.25830078,0.14153863,0.5479605
monash_tourism_yearly,1.1376953,0.2781456,0.24448164
monash_tourism_yearly,907.5,261.63434,0.2883023
monash_tourism_yearly,18.5,15.399069,0.8323821
monash_tourism_yearly,580.5,192.36841,0.331384
monash_tourism_yearly,207.625,76.05883,0.3663279
monash_tourism_yearly,26.671875,11.020598,0.41319174
monash_tourism_yearly,303.875,103.4192,0.34033465
monash_tourism_yearly,84.478516,19.563438,0.23157886
monash_tourism_yearly,49.960938,11.938355,0.2389538
monash_tourism_yearly,980.0,404.00946,0.41225454
monash_tourism_yearly,8350.0,1750.6597,0.20965984
monash_tourism_yearly,22336.0,6757.9585,0.30255902
monash_tourism_yearly,1031.6562,306.3277,0.29692808
monash_tourism_yearly,78592.0,32423.105,0.4125497
monash_tourism_yearly,68480.0,25406.3,0.3710032
monash_tourism_yearly,185344.0,87638.0,0.47283968
monash_tourism_yearly,51456.0,20546.531,0.39930293
monash_tourism_yearly,37264.0,8131.903,0.2182241
monash_tourism_yearly,147456.0,76153.805,0.51645106
monash_tourism_yearly,121856.0,57363.992,0.4707523
monash_tourism_yearly,9736.0,3353.3179,0.3444246
monash_tourism_yearly,13344.0,5288.6025,0.39632812
monash_tourism_yearly,41344.0,24205.031,0.5854545
monash_tourism_yearly,25632.0,8834.102,0.34465128
monash_tourism_yearly,12408.0,3250.0142,0.26192892
monash_tourism_yearly,19872.0,8990.159,0.45240334
monash_tourism_yearly,112640.0,30735.857,0.27286807
monash_tourism_yearly,20480.0,3813.7637,0.18621893
monash_tourism_yearly,78720.0,21951.47,0.27885506
monash_tourism_yearly,49792.0,18050.738,0.36252287
monash_tourism_yearly,28128.0,3561.6753,0.12662384
monash_tourism_yearly,6178.0,943.38464,0.15270065
monash_tourism_yearly,76736.0,6825.2275,0.08894427
monash_tourism_yearly,542464.0,76106.375,0.14029756
monash_tourism_yearly,115008.0,13500.543,0.11738786
monash_tourism_yearly,283392.0,40020.906,0.14122102
monash_tourism_yearly,21452.0,3411.293,0.15901981
monash_tourism_yearly,103168.0,12562.527,0.12176767
monash_tourism_yearly,1285632.0,145603.73,0.1132546
monash_tourism_yearly,65920.0,7000.7695,0.10620099
monash_tourism_yearly,7616.0,845.0656,0.11095925
monash_tourism_yearly,93008.0,9023.169,0.09701498
monash_tourism_yearly,716800.0,83402.38,0.11635377
monash_tourism_yearly,27192.0,5146.867,0.18927872
monash_tourism_yearly,986.125,125.10789,0.12686819
monash_tourism_yearly,24480.0,12484.576,0.5099909
monash_tourism_yearly,8400.0,5187.7056,0.617584
monash_tourism_yearly,902.0,876.7007,0.97195196
monash_tourism_yearly,2316.0,728.57404,0.3145829
monash_tourism_yearly,470.75,80.77062,0.17157859
monash_tourism_yearly,115200.0,77062.56,0.66894585
monash_tourism_yearly,89344.0,49388.9,0.5527948
monash_tourism_yearly,37728.0,9837.279,0.26074213
monash_tourism_yearly,18912.0,7142.0522,0.3776466
monash_tourism_yearly,80432.0,35622.25,0.44288653
monash_tourism_yearly,211968.0,85114.81,0.40154558
monash_tourism_yearly,12640.0,5583.5303,0.441735
monash_tourism_yearly,9872.0,2545.94,0.25789505
monash_tourism_yearly,17718.0,3011.909,0.16999148
monash_tourism_yearly,1246.0,321.25797,0.25783142
monash_tourism_yearly,5416.0,1312.0757,0.24225917
monash_tourism_yearly,1846.0,523.0704,0.2833534
monash_tourism_yearly,9248.0,3972.501,0.42955244
monash_tourism_yearly,26368.0,9771.808,0.37059343
monash_tourism_yearly,3528.0,1410.9537,0.3999302
monash_tourism_yearly,1128.0,591.9414,0.52477074
monash_tourism_yearly,445.5,92.540146,0.207722
monash_tourism_yearly,4256.0,2228.5522,0.52362597
monash_tourism_yearly,2400.0,1158.5371,0.4827238
monash_tourism_yearly,702.0,277.0341,0.39463544
monash_tourism_yearly,637.25,280.80325,0.4406485
monash_tourism_yearly,3828.0,1217.5652,0.31806824
monash_tourism_yearly,5680.0,2676.8818,0.471282
monash_tourism_yearly,62208.0,29609.217,0.4759712
monash_tourism_yearly,119808.0,100716.27,0.84064734
monash_tourism_yearly,11144.0,5763.501,0.5171842
monash_tourism_yearly,33664.0,15735.488,0.46742776
monash_tourism_yearly,30080.0,14312.056,0.4757997
monash_tourism_yearly,408576.0,334868.94,0.8196001
monash_tourism_yearly,978.0,400.32617,0.40933147
monash_tourism_yearly,818.0,397.90964,0.4864421
monash_tourism_yearly,878.0,416.5428,0.4744223
monash_traffic,0.009878795,0.008313172,0.8415168
monash_traffic,0.020226797,0.01084805,0.5363207
monash_traffic,0.019910177,0.010810637,0.5429704
monash_traffic,0.013498942,0.014388637,1.0659084
monash_traffic,0.005015055,0.004869292,0.97093487
monash_traffic,0.017829895,0.015857937,0.88940156
monash_traffic,0.028125921,0.01247223,0.44344255
monash_traffic,0.011671702,0.014546603,1.2463137
monash_traffic,0.041707676,0.010908161,0.26153845
monash_traffic,0.008693695,0.0053808726,0.61893964
monash_traffic,0.017933527,0.009707622,0.5413114
monash_traffic,0.009791057,0.0106063755,1.0832717
monash_traffic,0.014689128,0.011020216,0.7502294
monash_traffic,0.006965637,0.0064077885,0.9199142
monash_traffic,0.013552348,0.011009716,0.8123844
monash_traffic,0.036001842,0.0048122597,0.13366704
monash_traffic,0.011763811,0.010140595,0.86201614
monash_traffic,0.012215932,0.0112883225,0.9240656
monash_traffic,0.005539099,0.0053474703,0.96540433
monash_traffic,0.009394328,0.007756689,0.8256779
monash_traffic,0.010889689,0.009116232,0.8371435
monash_traffic,0.014165242,0.011291352,0.79711676
monash_traffic,0.012901306,0.01184011,0.91774505
monash_traffic,0.00818185,0.0071055,0.8684466
monash_traffic,0.033228558,0.004898691,0.14742413
monash_traffic,0.017035166,0.019762719,1.1601131
monash_traffic,0.0615743,0.024900118,0.4043914
monash_traffic,0.017628988,0.02073134,1.1759801
monash_traffic,0.00858434,0.010651,1.2407477
monash_traffic,0.005631129,0.0008952028,0.15897395
monash_traffic,0.00972112,0.012382437,1.2737665
monash_traffic,0.018300375,0.012084328,0.66033226
monash_traffic,0.01761055,0.014623062,0.830358
monash_traffic,0.050221384,0.013314919,0.2651245
monash_traffic,0.076942444,0.043407753,0.56415874
monash_traffic,0.014230728,0.011075936,0.77831125
monash_traffic,0.011876424,0.011913989,1.003163
monash_traffic,0.008644104,0.007969148,0.92191726
monash_traffic,0.035494488,0.018388601,0.5180692
monash_traffic,0.013734977,0.011352981,0.8265745
monash_traffic,0.0087178545,0.00940998,1.0793917
monash_traffic,0.032122213,0.0055345655,0.17229713
monash_traffic,0.010356903,0.009104396,0.8790655
monash_traffic,0.005150477,0.0074840127,1.4530718
monash_traffic,0.014233907,0.0133102285,0.9351072
monash_traffic,0.005870024,0.0,0.0
monash_traffic,0.0138168335,0.010296955,0.74524707
monash_traffic,0.012214343,0.009879257,0.80882424
monash_traffic,0.0073887506,0.0070944238,0.96016556
monash_traffic,0.009892781,0.008800542,0.8895923
monash_traffic,0.013748169,0.014466479,1.0522478
monash_traffic,0.023064932,0.022398502,0.97110635
monash_traffic,0.024126688,0.01949168,0.80788875
monash_traffic,0.010565777,0.008144033,0.77079356
monash_traffic,0.02851359,0.012175028,0.42699036
monash_traffic,0.03002421,0.024559217,0.81798047
monash_traffic,0.008349101,0.0075288103,0.901751
monash_traffic,0.005730311,0.005281028,0.92159534
monash_traffic,0.007197062,0.006686215,0.92902005
monash_traffic,0.00879097,0.0085469335,0.9722401
monash_traffic,0.012232463,0.010434481,0.8530156
monash_traffic,0.0086250305,0.0056447857,0.6544656
monash_traffic,0.0075505576,0.006235916,0.82588816
monash_traffic,0.009915669,0.0097922655,0.98755467
monash_traffic,0.0076605477,0.009177453,1.1980152
monash_traffic,0.009134293,0.008110498,0.88791746
monash_traffic,0.011105855,0.010734759,0.9665856
monash_traffic,0.016651154,0.014943424,0.89744073
monash_traffic,0.011642456,0.012989509,1.1157018
monash_traffic,0.00704511,0.0061502564,0.87298226
monash_traffic,0.012359619,0.015466074,1.2513391
monash_traffic,0.0065195165,0.00436567,0.66963094
monash_traffic,0.013211886,0.00039215988,0.029682353
monash_traffic,0.023020426,0.010574232,0.4593413
monash_traffic,0.001623869,0.004256036,2.6209235
monash_traffic,0.011717479,0.008919772,0.7612364
monash_traffic,0.012990315,0.009474363,0.7293405
monash_traffic,0.020192465,0.018341376,0.9083277
monash_traffic,0.025212606,0.012812104,0.5081626
monash_traffic,0.0081545515,0.009474768,1.1618993
monash_traffic,0.016743978,0.016807964,1.0038214
monash_traffic,0.0072205863,0.008356889,1.1573699
monash_traffic,0.008191426,0.0063804663,0.77892005
monash_traffic,0.010096709,0.008623212,0.8540616
monash_traffic,0.029775718,0.015430831,0.5182354
monash_traffic,0.008021037,0.0054410994,0.6783536
monash_traffic,0.024360657,0.009266988,0.380408
monash_traffic,0.015055339,0.009297863,0.6175791
monash_traffic,0.006047567,0.0049016955,0.81052357
monash_traffic,0.0046346984,0.0046735466,1.0083821
monash_traffic,0.010996501,0.0097143585,0.8834045
monash_traffic,0.015210469,0.014267947,0.9380346
monash_traffic,0.0017789205,0.00031490534,0.17702046
monash_traffic,0.011858623,0.010337102,0.87169504
monash_traffic,0.005982717,0.008567769,1.4320866
monash_traffic,0.048933428,0.034143236,0.6977487
monash_traffic,0.007401625,0.0009860722,0.13322374
monash_traffic,0.012364705,0.012702964,1.0273569
monash_traffic,0.0028177898,0.0027079906,0.9610336
monash_traffic,0.0057551065,0.0066413893,1.1539994
monash_weather,3.6245599,0.60087985,0.16578008
monash_weather,10.073666,1.0381986,0.103060655
monash_weather,7.2899585,0.55381405,0.075969435
monash_weather,4.302661,1.3234482,0.3075883
monash_weather,0.8495463,0.91898346,1.0817344
monash_weather,6.2062583,2.2632194,0.3646673
monash_weather,2.8755534,1.5167559,0.52746576
monash_weather,3.4066489,0.89483637,0.2626735
monash_weather,7.450407,3.2735987,0.4393852
monash_weather,5.429199,2.248788,0.41420254
monash_weather,20.040632,3.8162584,0.19042605
monash_weather,1.3765284,0.46649745,0.3388942
monash_weather,3.6273336,0.5231794,0.1442325
monash_weather,0.1365682,0.104759686,0.7670869
monash_weather,0.6723681,0.28156933,0.41877258
monash_weather,4.120538,2.4903855,0.6043835
monash_weather,0.08631795,0.0006731141,0.007798078
monash_weather,0.29592857,0.34092575,1.1520542
monash_weather,0.17114258,0.058343105,0.34090352
monash_weather,4.2118406,0.4180635,0.09925909
monash_weather,0.093927,0.0,0.0
monash_weather,0.12485466,0.0,0.0
monash_weather,12.101078,2.21925,0.18339275
monash_weather,0.089709476,0.025021257,0.2789143
monash_weather,10.513541,6.027684,0.57332575
monash_weather,7.702934,1.8469566,0.23977314
monash_weather,8.399121,5.108575,0.6082273
monash_weather,5.7604165,3.636151,0.6312306
monash_weather,9.77526,4.418531,0.45201162
monash_weather,5.0502605,3.4405367,0.6812593
monash_weather,7.866667,3.695405,0.46975487
monash_weather,7.4223957,3.932154,0.5297688
monash_weather,10.086271,4.0733476,0.40385067
monash_weather,8.0625,4.3801117,0.5432697
monash_weather,11.03151,6.5586643,0.5945391
monash_weather,5.717708,1.1522049,0.20151517
monash_weather,7.747396,4.7547083,0.61371696
monash_weather,6.358333,3.9926097,0.6279334
monash_weather,6.05625,3.3923945,0.5601477
monash_weather,8.302083,4.960005,0.597441
monash_weather,3.3333333,3.7156708,1.1147013
monash_weather,8.397917,6.0851054,0.72459704
monash_weather,5.5916667,4.780439,0.854922
monash_weather,8.626302,3.6815975,0.42678747
monash_weather,9.866667,6.1007085,0.61831504
monash_weather,5.625,4.7105007,0.8374224
monash_weather,8.135417,5.164629,0.63483274
monash_weather,7.014583,4.407965,0.62840015
monash_weather,6.953125,4.130482,0.5940469
monash_weather,8.36875,6.1870413,0.73930293
monash_weather,8.577084,6.2470155,0.72833794
monash_weather,7.0583334,5.951704,0.8432166
monash_weather,8.791667,6.95419,0.79099786
monash_weather,6.61875,5.3005066,0.800832
monash_weather,6.08125,4.5076537,0.741238
monash_weather,5.875,3.8562062,0.6563755
monash_weather,7.96875,6.0791464,0.7628733
monash_weather,5.858333,4.430315,0.75624156
monash_weather,7.3145833,5.555491,0.7595089
monash_weather,6.454167,4.3315735,0.6711282
monash_weather,9.083333,6.760691,0.7442963
monash_weather,6.695833,5.3962355,0.80590945
monash_weather,8.51875,6.7873406,0.7967531
monash_weather,8.795834,7.9637437,0.90539956
monash_weather,9.891666,7.4671063,0.7548886
monash_weather,2.7375,3.1040797,1.1339104
monash_weather,9.745833,10.049612,1.0311701
monash_weather,4.9708333,4.101443,0.8251017
monash_weather,6.922917,5.277206,0.7622807
monash_weather,2.8416667,3.099292,1.09066
monash_weather,4.983333,5.291786,1.0618969
monash_weather,4.920833,4.0151362,0.81594646
monash_weather,9.941667,8.609532,0.86600494
monash_weather,1.6416667,1.7304726,1.054095
monash_weather,4.4395833,2.8386803,0.6394024
monash_weather,9.2875,3.4933727,0.37613702
monash_weather,4.670833,2.5097015,0.53731346
monash_weather,5.459375,3.0090518,0.5511715
monash_weather,8.45,4.018075,0.47551185
monash_weather,6.2166667,5.347558,0.860197
monash_weather,5.91875,3.9460151,0.6666974
monash_weather,6.85625,3.8335605,0.5591337
monash_weather,6.2541666,2.933895,0.4691105
monash_weather,5.128125,3.5782523,0.69777006
monash_weather,2.5125,3.2846997,1.3073431
monash_weather,4.491667,3.313655,0.7377339
monash_weather,4.23125,3.211708,0.75904477
monash_weather,7.25625,4.0660896,0.5603569
monash_weather,3.7833333,3.2067733,0.8476053
monash_weather,4.070833,3.906212,0.9595608
monash_weather,6.709375,3.5541015,0.5297217
monash_weather,2.3479166,4.0701046,1.7334962
monash_weather,8.204166,3.7741973,0.46003422
monash_weather,5.5822916,4.9646335,0.889354
monash_weather,4.1041665,4.231445,1.0310119
monash_weather,6.1822915,4.9180093,0.79549944
monash_weather,7.54375,4.24374,0.5625505
monash_weather,7.1614585,4.843444,0.67632085
monash_weather,3.1916666,2.6456578,0.82892674
monash_weather,2.925,4.5335035,1.5499158
