dataset,freq,arm,MASE,WQL,n_series
monash_australian_electricity,subhourly,univariate,0.6271804180014168,0.030672134058366392,5
monash_australian_electricity,subhourly,native,0.6174465182215265,0.02885914602907158,5
monash_australian_electricity,subhourly,foreign_difffreq,0.543457504529048,0.02784392325668828,5
monash_cif_2016,monthly,univariate,0.9369351012268844,0.011303043589082335,72
monash_cif_2016,monthly,native,0.8374135906353518,0.008104641215428011,72
monash_cif_2016,monthly,foreign_samefreq,0.8834619459485247,0.009413171297610955,72
monash_cif_2016,monthly,foreign_difffreq,0.8751709104953044,0.00872821636709209,72
monash_car_parts,monthly,univariate,0.8940903379808541,1.0264795521009873,100
monash_car_parts,monthly,native,0.8957706891017735,1.0214469106119983,100
monash_car_parts,monthly,foreign_samefreq,0.9065160812912952,0.9982143486752629,100
monash_car_parts,monthly,foreign_difffreq,0.9093488282049752,1.0132149749627075,100
monash_covid_deaths,daily,univariate,43.03803157742434,0.027020498637797874,100
monash_covid_deaths,daily,native,39.47622616241893,0.023617583012749868,100
monash_covid_deaths,daily,foreign_samefreq,37.50806862333597,0.023146036464891148,100
monash_covid_deaths,daily,foreign_difffreq,38.94786071978218,0.023644297535745554,100
dominick,weekly,univariate,0.8306092460527256,0.24871269403905805,100
dominick,weekly,native,0.8595546257389911,0.2524395605258728,100
dominick,weekly,foreign_samefreq,0.8161912023281327,0.2506605784391744,100
dominick,weekly,foreign_difffreq,0.8440461301686973,0.2518358130156317,100
ercot,hourly,univariate,0.8417995516641943,0.02604302222263971,8
ercot,hourly,native,0.7846095062475348,0.024914444068433926,8
ercot,hourly,foreign_samefreq,0.8633424920248042,0.02746799593085462,8
ercot,hourly,foreign_difffreq,0.7999140701692671,0.024091000399714943,8
exchange_rate,daily,univariate,1.816427573959804,0.011831282159531213,8
exchange_rate,daily,native,1.849119021504823,0.011790997865160104,8
exchange_rate,daily,foreign_samefreq,1.6904948945675666,0.011162754691480807,8
exchange_rate,daily,foreign_difffreq,1.8186148413634122,0.011695047245568545,8
monash_fred_md,monthly,univariate,0.4532962342393796,0.02001214665829168,100
monash_fred_md,monthly,native,0.4063378126135631,0.02206673379872446,100
monash_fred_md,monthly,foreign_samefreq,0.49078005965965077,0.026801247630405475,100
monash_fred_md,monthly,foreign_difffreq,0.48631701801705013,0.027395021928923364,100
monash_hospital,monthly,univariate,0.7871700984868424,0.061304137440352756,100
monash_hospital,monthly,native,0.7534604086394828,0.056076162468301126,100
monash_hospital,monthly,foreign_samefreq,0.7695171641840619,0.06042883570974241,100
monash_hospital,monthly,foreign_difffreq,0.8072105040376031,0.06857370609142224,100
monash_m1_monthly,monthly,univariate,1.025555552256698,0.27255153078025507,100
monash_m1_monthly,monthly,native,0.9751727289914286,0.21171693952270557,100
monash_m1_monthly,monthly,foreign_samefreq,0.9910380941347247,0.22626167589930363,100
monash_m1_monthly,monthly,foreign_difffreq,0.9975249650016517,0.24887023368282213,100
monash_m1_quarterly,quarterly,univariate,1.5773868492384042,0.07959064981628931,100
monash_m1_quarterly,quarterly,native,1.5504088240828455,0.07316486040572573,100
monash_m1_quarterly,quarterly,foreign_samefreq,1.608672727719897,0.07892281988165505,100
monash_m1_quarterly,quarterly,foreign_difffreq,1.6281784105554602,0.08573661366947703,100
monash_m1_yearly,yearly,univariate,3.6356807034327314,0.07104619956719219,100
monash_m1_yearly,yearly,native,3.374367778336027,0.0666344749351271,100
monash_m1_yearly,yearly,foreign_samefreq,3.544594245000973,0.06541814153575713,100
monash_m1_yearly,yearly,foreign_difffreq,3.5465304050585074,0.066531066511475,100
monash_m3_monthly,monthly,univariate,0.8117371406404598,0.08898468267164956,100
monash_m3_monthly,monthly,native,0.8815795770994701,0.09576819770608808,100
monash_m3_monthly,monthly,foreign_samefreq,0.8652396799339888,0.09310363488814077,100
monash_m3_monthly,monthly,foreign_difffreq,0.8941050861988847,0.09597405090995918,100
monash_m3_quarterly,quarterly,univariate,1.2528011623102693,0.07383501043208705,100
monash_m3_quarterly,quarterly,native,1.2212850170737932,0.07221523359723173,100
monash_m3_quarterly,quarterly,foreign_samefreq,1.2228050606982221,0.07217645465142691,100
monash_m3_quarterly,quarterly,foreign_difffreq,1.2249486935890714,0.07182727677800452,100
monash_m3_yearly,yearly,univariate,3.0150034172881677,0.14673082578104982,100
monash_m3_yearly,yearly,native,3.0529999151108806,0.14911282491960418,100
monash_m3_yearly,yearly,foreign_samefreq,2.928207568281773,0.14088641137854854,100
monash_m3_yearly,yearly,foreign_difffreq,3.0566232805007365,0.14844970163631407,100
m4_quarterly,quarterly,univariate,1.1087943817420758,0.07354872695133258,100
m4_quarterly,quarterly,native,1.0607756623449243,0.07010878332727888,100
m4_quarterly,quarterly,foreign_samefreq,1.0692488239851325,0.07043273401025667,100
m4_quarterly,quarterly,foreign_difffreq,1.0947502112309058,0.07126205641264777,100
m4_yearly,yearly,univariate,3.0040130240411895,0.11662613831976579,100
m4_yearly,yearly,native,2.9638064368385,0.11503939272741714,100
m4_yearly,yearly,foreign_samefreq,3.0500475043428303,0.11787592490525557,100
m4_yearly,yearly,foreign_difffreq,2.989690748511377,0.11621721371468724,100
m5,daily,univariate,0.8901612330306254,0.5275868642784167,100
m5,daily,native,0.9005717089382363,0.5470510100156958,100
m5,daily,foreign_samefreq,0.8975321019025507,0.5387538232739625,100
m5,daily,foreign_difffreq,0.8971841715876383,0.545560694017823,100
nn5,daily,univariate,0.5565913713457802,0.14567042726529195,100
nn5,daily,native,0.5351440255505258,0.14157813099326844,100
nn5,daily,foreign_samefreq,0.5345466060338446,0.14070489140551212,100
nn5,daily,foreign_difffreq,0.5400491022587626,0.1423902231414014,100
monash_nn5_weekly,weekly,univariate,0.8589382839096138,0.07810860181601514,100
monash_nn5_weekly,weekly,native,0.8608312991128827,0.07762564044103884,100
monash_nn5_weekly,weekly,foreign_samefreq,0.8942566010548333,0.08018287543544077,100
monash_nn5_weekly,weekly,foreign_difffreq,0.8880230387992792,0.08019179877503353,100
monash_tourism_monthly,monthly,univariate,1.3429216150465084,0.06912594948793244,100
monash_tourism_monthly,monthly,native,1.2758506769802234,0.06511237787521712,100
monash_tourism_monthly,monthly,foreign_samefreq,1.3141962641991485,0.06888834978388168,100
monash_tourism_monthly,monthly,foreign_difffreq,1.3238628396776573,0.07048061043851829,100
monash_tourism_quarterly,quarterly,univariate,1.5904936215123098,0.0706575838141224,100
monash_tourism_quarterly,quarterly,native,1.49593457310799,0.06634532656916298,100
monash_tourism_quarterly,quarterly,foreign_samefreq,1.5001434626692527,0.06473491484112852,100
monash_tourism_quarterly,quarterly,foreign_difffreq,1.5565666069165531,0.06733280212444476,100
monash_tourism_yearly,yearly,univariate,3.572430845714533,0.16537577799438438,100
monash_tourism_yearly,yearly,native,3.6750883489728703,0.15900550167476457,100
monash_tourism_yearly,yearly,foreign_samefreq,3.7164979767033754,0.16788800080650873,100
monash_tourism_yearly,yearly,foreign_difffreq,3.547191656857304,0.177771519153819,100
monash_traffic,hourly,univariate,0.8273611484511846,0.27369238374868954,100
monash_traffic,hourly,native,0.8402271180235892,0.27602167217225637,100
monash_traffic,hourly,foreign_difffreq,0.8199805972000374,0.2635924107308402,100
monash_weather,daily,univariate,0.9772874133338347,0.12511521155875818,100
monash_weather,daily,native,1.0350500649246417,0.12614815467850213,100
monash_weather,daily,foreign_samefreq,1.0116656622716853,0.12775752483541603,100
monash_weather,daily,foreign_difffreq,1.0382920265602074,0.12816808350894504,100
